Year;District;deaths;pop;dens_pop;gdp;share_industry;dens_doc;houshold_house;household_size;share_male;share_5_14;share_20_39;share_60
1913;101;234;13524;119.7312156;2681;0.618;0.053119439;1.38;4.1;0.486;0.205;0.279;0.106
1914;101;186;13524;119.7312156;2681;0.618;0.053119439;1.38;4.1;0.486;0.205;0.279;0.106
1915;101;178;13524;119.7312156;2681;0.618;0.053119439;1.38;4.1;0.486;0.205;0.279;0.106
1916;101;173;13524;119.7312156;2681;0.618;0.053119439;1.38;4.1;0.486;0.205;0.279;0.106
1917;101;190;13524;119.7312156;2681;0.618;0.053119439;1.38;4.1;0.486;0.205;0.279;0.106
1918;101;227;13524;119.7312156;2681;0.618;0.053119439;1.38;4.1;0.486;0.205;0.279;0.106
1913;102;286;18338;110.1895599;1578;0.48;0.036052861;1.32;4.4;0.505;0.202;0.275;0.116
1914;102;306;18338;110.1895599;1578;0.48;0.036052861;1.32;4.4;0.505;0.202;0.275;0.116
1915;102;298;18338;110.1895599;1578;0.48;0.036052861;1.32;4.4;0.505;0.202;0.275;0.116
1916;102;269;18338;110.1895599;1578;0.48;0.036052861;1.32;4.4;0.505;0.202;0.275;0.116
1917;102;342;18338;110.1895599;1578;0.48;0.036052861;1.32;4.4;0.505;0.202;0.275;0.116
1918;102;451;18338;110.1895599;1578;0.48;0.036052861;1.32;4.4;0.505;0.202;0.275;0.116
1913;103;331;25105;135.7837326;1913;0.626;0.048677697;1.4;4.5;0.493;0.213;0.282;0.1
1914;103;320;25105;135.7837326;1913;0.626;0.048677697;1.4;4.5;0.493;0.213;0.282;0.1
1915;103;308;25105;135.7837326;1913;0.626;0.048677697;1.4;4.5;0.493;0.213;0.282;0.1
1916;103;295;25105;135.7837326;1913;0.626;0.048677697;1.4;4.5;0.493;0.213;0.282;0.1
1917;103;338;25105;135.7837326;1913;0.626;0.048677697;1.4;4.5;0.493;0.213;0.282;0.1
1918;103;487;25105;135.7837326;1913;0.626;0.048677697;1.4;4.5;0.493;0.213;0.282;0.1
1913;104;208;13533;85.2082764;2208;0.486;0.025185333;1.28;5;0.524;0.236;0.271;0.101
1914;104;219;13533;85.2082764;2208;0.486;0.025185333;1.28;5;0.524;0.236;0.271;0.101
1915;104;188;13533;85.2082764;2208;0.486;0.025185333;1.28;5;0.524;0.236;0.271;0.101
1916;104;187;13533;85.2082764;2208;0.486;0.025185333;1.28;5;0.524;0.236;0.271;0.101
1917;104;168;13533;85.2082764;2208;0.486;0.025185333;1.28;5;0.524;0.236;0.271;0.101
1918;104;285;13533;85.2082764;2208;0.486;0.025185333;1.28;5;0.524;0.236;0.271;0.101
1913;105;459;36655;205.1578549;2668;0.817;0.100745912;1.61;3.9;0.478;0.198;0.292;0.102
1914;105;472;36655;205.1578549;2668;0.817;0.100745912;1.61;3.9;0.478;0.198;0.292;0.102
1915;105;523;36655;205.1578549;2668;0.817;0.100745912;1.61;3.9;0.478;0.198;0.292;0.102
1916;105;452;36655;205.1578549;2668;0.817;0.100745912;1.61;3.9;0.478;0.198;0.292;0.102
1917;105;456;36655;205.1578549;2668;0.817;0.100745912;1.61;3.9;0.478;0.198;0.292;0.102
1918;105;635;36655;205.1578549;2668;0.817;0.100745912;1.61;3.9;0.478;0.198;0.292;0.102
1913;106;639;46054;441.144635;3251;0.898;0.249050256;2.08;4;0.472;0.195;0.326;0.084
1914;106;560;46054;441.144635;3251;0.898;0.249050256;2.08;4;0.472;0.195;0.326;0.084
1915;106;492;46054;441.144635;3251;0.898;0.249050256;2.08;4;0.472;0.195;0.326;0.084
1916;106;534;46054;441.144635;3251;0.898;0.249050256;2.08;4;0.472;0.195;0.326;0.084
1917;106;563;46054;441.144635;3251;0.898;0.249050256;2.08;4;0.472;0.195;0.326;0.084
1918;106;724;46054;441.144635;3251;0.898;0.249050256;2.08;4;0.472;0.195;0.326;0.084
1913;107;398;27643;360.7682329;2344;0.788;0.221866656;1.53;4;0.475;0.187;0.296;0.112
1914;107;360;27643;360.7682329;2344;0.788;0.221866656;1.53;4;0.475;0.187;0.296;0.112
1915;107;304;27643;360.7682329;2344;0.788;0.221866656;1.53;4;0.475;0.187;0.296;0.112
1916;107;333;27643;360.7682329;2344;0.788;0.221866656;1.53;4;0.475;0.187;0.296;0.112
1917;107;344;27643;360.7682329;2344;0.788;0.221866656;1.53;4;0.475;0.187;0.296;0.112
1918;107;475;27643;360.7682329;2344;0.788;0.221866656;1.53;4;0.475;0.187;0.296;0.112
1913;108;249;18650;115.5466285;2519;0.669;0.037173178;1.28;4.2;0.482;0.202;0.282;0.111
1914;108;252;18650;115.5466285;2519;0.669;0.037173178;1.28;4.2;0.482;0.202;0.282;0.111
1915;108;258;18650;115.5466285;2519;0.669;0.037173178;1.28;4.2;0.482;0.202;0.282;0.111
1916;108;233;18650;115.5466285;2519;0.669;0.037173178;1.28;4.2;0.482;0.202;0.282;0.111
1917;108;287;18650;115.5466285;2519;0.669;0.037173178;1.28;4.2;0.482;0.202;0.282;0.111
1918;108;381;18650;115.5466285;2519;0.669;0.037173178;1.28;4.2;0.482;0.202;0.282;0.111
1913;109;310;20944;187.0288893;2309;0.728;0.080369557;1.41;4.2;0.477;0.198;0.292;0.104
1914;109;329;20944;187.0288893;2309;0.728;0.080369557;1.41;4.2;0.477;0.198;0.292;0.104
1915;109;298;20944;187.0288893;2309;0.728;0.080369557;1.41;4.2;0.477;0.198;0.292;0.104
1916;109;247;20944;187.0288893;2309;0.728;0.080369557;1.41;4.2;0.477;0.198;0.292;0.104
1917;109;280;20944;187.0288893;2309;0.728;0.080369557;1.41;4.2;0.477;0.198;0.292;0.104
1918;109;382;20944;187.0288893;2309;0.728;0.080369557;1.41;4.2;0.477;0.198;0.292;0.104
1913;110;851;67508;268.8332189;2506;0.847;0.123449514;1.95;4.2;0.5;0.189;0.316;0.11
1914;110;816;67508;268.8332189;2506;0.847;0.123449514;1.95;4.2;0.5;0.189;0.316;0.11
1915;110;761;67508;268.8332189;2506;0.847;0.123449514;1.95;4.2;0.5;0.189;0.316;0.11
1916;110;799;67508;268.8332189;2506;0.847;0.123449514;1.95;4.2;0.5;0.189;0.316;0.11
1917;110;853;67508;268.8332189;2506;0.847;0.123449514;1.95;4.2;0.5;0.189;0.316;0.11
1918;110;1256;67508;268.8332189;2506;0.847;0.123449514;1.95;4.2;0.5;0.189;0.316;0.11
1913;111;2675;243709;1627.606445;3326;0.978;1.495980221;3.52;4;0.491;0.172;0.391;0.06
1914;111;2560;243709;1627.606445;3326;0.978;1.495980221;3.52;4;0.491;0.172;0.391;0.06
1915;111;2363;243709;1627.606445;3326;0.978;1.495980221;3.52;4;0.491;0.172;0.391;0.06
1916;111;2530;243709;1627.606445;3326;0.978;1.495980221;3.52;4;0.491;0.172;0.391;0.06
1917;111;2645;243709;1627.606445;3326;0.978;1.495980221;3.52;4;0.491;0.172;0.391;0.06
1918;111;3607;243709;1627.606445;3326;0.978;1.495980221;3.52;4;0.491;0.172;0.391;0.06
1913;201;294;19174;125.0277129;2202;0.578;0.052165521;1.41;4.7;0.529;0.242;0.28;0.097
1914;201;285;19174;125.0277129;2202;0.578;0.052165521;1.41;4.7;0.529;0.242;0.28;0.097
1915;201;271;19174;125.0277129;2202;0.578;0.052165521;1.41;4.7;0.529;0.242;0.28;0.097
1916;201;275;19174;125.0277129;2202;0.578;0.052165521;1.41;4.7;0.529;0.242;0.28;0.097
1917;201;313;19174;125.0277129;2202;0.578;0.052165521;1.41;4.7;0.529;0.242;0.28;0.097
1918;201;444;19174;125.0277129;2202;0.578;0.052165521;1.41;4.7;0.529;0.242;0.28;0.097
1913;202;398;28690;187.4601018;2105;0.679;0.065339875;1.58;4.6;0.497;0.245;0.263;0.093
1914;202;372;28690;187.4601018;2105;0.679;0.065339875;1.58;4.6;0.497;0.245;0.263;0.093
1915;202;323;28690;187.4601018;2105;0.679;0.065339875;1.58;4.6;0.497;0.245;0.263;0.093
1916;202;346;28690;187.4601018;2105;0.679;0.065339875;1.58;4.6;0.497;0.245;0.263;0.093
1917;202;356;28690;187.4601018;2105;0.679;0.065339875;1.58;4.6;0.497;0.245;0.263;0.093
1918;202;491;28690;187.4601018;2105;0.679;0.065339875;1.58;4.6;0.497;0.245;0.263;0.093
1913;203;1595;131711;569.8175914;3024;0.926;0.532131437;2.7;4.4;0.481;0.201;0.343;0.07
1914;203;1604;131711;569.8175914;3024;0.926;0.532131437;2.7;4.4;0.481;0.201;0.343;0.07
1915;203;1521;131711;569.8175914;3024;0.926;0.532131437;2.7;4.4;0.481;0.201;0.343;0.07
1916;203;1494;131711;569.8175914;3024;0.926;0.532131437;2.7;4.4;0.481;0.201;0.343;0.07
1917;203;1538;131711;569.8175914;3024;0.926;0.532131437;2.7;4.4;0.481;0.201;0.343;0.07
1918;203;2494;131711;569.8175914;3024;0.926;0.532131437;2.7;4.4;0.481;0.201;0.343;0.07
1913;204;332;34886;1378.925982;3143;0.986;0.790532582;3.07;4;0.479;0.204;0.328;0.063
1914;204;380;34886;1378.925982;3143;0.986;0.790532582;3.07;4;0.479;0.204;0.328;0.063
1915;204;333;34886;1378.925982;3143;0.986;0.790532582;3.07;4;0.479;0.204;0.328;0.063
1916;204;340;34886;1378.925982;3143;0.986;0.790532582;3.07;4;0.479;0.204;0.328;0.063
1917;204;372;34886;1378.925982;3143;0.986;0.790532582;3.07;4;0.479;0.204;0.328;0.063
1918;204;632;34886;1378.925982;3143;0.986;0.790532582;3.07;4;0.479;0.204;0.328;0.063
1913;205;165;12802;146.0040487;1934;0.698;0.057023922;1.53;4.5;0.51;0.25;0.274;0.079
1914;205;145;12802;146.0040487;1934;0.698;0.057023922;1.53;4.5;0.51;0.25;0.274;0.079
1915;205;136;12802;146.0040487;1934;0.698;0.057023922;1.53;4.5;0.51;0.25;0.274;0.079
1916;205;140;12802;146.0040487;1934;0.698;0.057023922;1.53;4.5;0.51;0.25;0.274;0.079
1917;205;148;12802;146.0040487;1934;0.698;0.057023922;1.53;4.5;0.51;0.25;0.274;0.079
1918;205;227;12802;146.0040487;1934;0.698;0.057023922;1.53;4.5;0.51;0.25;0.274;0.079
1913;206;419;32390;164.0766799;2308;0.682;0.065853561;1.76;4.7;0.504;0.234;0.285;0.086
1914;206;398;32390;164.0766799;2308;0.682;0.065853561;1.76;4.7;0.504;0.234;0.285;0.086
1915;206;417;32390;164.0766799;2308;0.682;0.065853561;1.76;4.7;0.504;0.234;0.285;0.086
1916;206;415;32390;164.0766799;2308;0.682;0.065853561;1.76;4.7;0.504;0.234;0.285;0.086
1917;206;401;32390;164.0766799;2308;0.682;0.065853561;1.76;4.7;0.504;0.234;0.285;0.086
1918;206;613;32390;164.0766799;2308;0.682;0.065853561;1.76;4.7;0.504;0.234;0.285;0.086
1913;207;342;26223;98.53347707;2317;0.869;0.037575211;2.3;4;0.482;0.222;0.292;0.074
1914;207;307;26223;98.53347707;2317;0.869;0.037575211;2.3;4;0.482;0.222;0.292;0.074
1915;207;302;26223;98.53347707;2317;0.869;0.037575211;2.3;4;0.482;0.222;0.292;0.074
1916;207;326;26223;98.53347707;2317;0.869;0.037575211;2.3;4;0.482;0.222;0.292;0.074
1917;207;347;26223;98.53347707;2317;0.869;0.037575211;2.3;4;0.482;0.222;0.292;0.074
1918;207;469;26223;98.53347707;2317;0.869;0.037575211;2.3;4;0.482;0.222;0.292;0.074
1913;208;307;21959;81.60145314;1878;0.675;0.022296494;1.49;4.6;0.508;0.226;0.29;0.082
1914;208;291;21959;81.60145314;1878;0.675;0.022296494;1.49;4.6;0.508;0.226;0.29;0.082
1915;208;285;21959;81.60145314;1878;0.675;0.022296494;1.49;4.6;0.508;0.226;0.29;0.082
1916;208;242;21959;81.60145314;1878;0.675;0.022296494;1.49;4.6;0.508;0.226;0.29;0.082
1917;208;241;21959;81.60145314;1878;0.675;0.022296494;1.49;4.6;0.508;0.226;0.29;0.082
1918;208;364;21959;81.60145314;1878;0.675;0.022296494;1.49;4.6;0.508;0.226;0.29;0.082
1913;209;98;7915;94.46809628;2718;0.486;0.02387065;1.25;4.6;0.536;0.242;0.271;0.088
1914;209;116;7915;94.46809628;2718;0.486;0.02387065;1.25;4.6;0.536;0.242;0.271;0.088
1915;209;100;7915;94.46809628;2718;0.486;0.02387065;1.25;4.6;0.536;0.242;0.271;0.088
1916;209;99;7915;94.46809628;2718;0.486;0.02387065;1.25;4.6;0.536;0.242;0.271;0.088
1917;209;115;7915;94.46809628;2718;0.486;0.02387065;1.25;4.6;0.536;0.242;0.271;0.088
1918;209;148;7915;94.46809628;2718;0.486;0.02387065;1.25;4.6;0.536;0.242;0.271;0.088
1913;210;154;11305;58.88030033;2264;0.636;0.015625024;1.49;4.6;0.515;0.244;0.281;0.086
1914;210;144;11305;58.88030033;2264;0.636;0.015625024;1.49;4.6;0.515;0.244;0.281;0.086
1915;210;141;11305;58.88030033;2264;0.636;0.015625024;1.49;4.6;0.515;0.244;0.281;0.086
1916;210;162;11305;58.88030033;2264;0.636;0.015625024;1.49;4.6;0.515;0.244;0.281;0.086
1917;210;139;11305;58.88030033;2264;0.636;0.015625024;1.49;4.6;0.515;0.244;0.281;0.086
1918;210;166;11305;58.88030033;2264;0.636;0.015625024;1.49;4.6;0.515;0.244;0.281;0.086
1913;211;192;14429;116.6835949;2111;0.595;0.04852045;1.49;4.8;0.519;0.241;0.267;0.088
1914;211;186;14429;116.6835949;2111;0.595;0.04852045;1.49;4.8;0.519;0.241;0.267;0.088
1915;211;158;14429;116.6835949;2111;0.595;0.04852045;1.49;4.8;0.519;0.241;0.267;0.088
1916;211;163;14429;116.6835949;2111;0.595;0.04852045;1.49;4.8;0.519;0.241;0.267;0.088
1917;211;196;14429;116.6835949;2111;0.595;0.04852045;1.49;4.8;0.519;0.241;0.267;0.088
1918;211;278;14429;116.6835949;2111;0.595;0.04852045;1.49;4.8;0.519;0.241;0.267;0.088
1913;212;193;13446;27.56627664;1891;0.515;0.016401176;1.21;4.3;0.586;0.193;0.365;0.064
1914;212;188;13446;27.56627664;1891;0.515;0.016401176;1.21;4.3;0.586;0.193;0.365;0.064
1915;212;178;13446;27.56627664;1891;0.515;0.016401176;1.21;4.3;0.586;0.193;0.365;0.064
1916;212;161;13446;27.56627664;1891;0.515;0.016401176;1.21;4.3;0.586;0.193;0.365;0.064
1917;212;150;13446;27.56627664;1891;0.515;0.016401176;1.21;4.3;0.586;0.193;0.365;0.064
1918;212;237;13446;27.56627664;1891;0.515;0.016401176;1.21;4.3;0.586;0.193;0.365;0.064
1913;213;482;28460;42.04597549;1850;0.693;0.020683192;1.51;3.9;0.507;0.228;0.298;0.086
1914;213;384;28460;42.04597549;1850;0.693;0.020683192;1.51;3.9;0.507;0.228;0.298;0.086
1915;213;331;28460;42.04597549;1850;0.693;0.020683192;1.51;3.9;0.507;0.228;0.298;0.086
1916;213;351;28460;42.04597549;1850;0.693;0.020683192;1.51;3.9;0.507;0.228;0.298;0.086
1917;213;415;28460;42.04597549;1850;0.693;0.020683192;1.51;3.9;0.507;0.228;0.298;0.086
1918;213;495;28460;42.04597549;1850;0.693;0.020683192;1.51;3.9;0.507;0.228;0.298;0.086
1913;214;415;30999;145.3348811;1951;0.542;0.051572105;1.43;5;0.511;0.235;0.274;0.096
1914;214;453;30999;145.3348811;1951;0.542;0.051572105;1.43;5;0.511;0.235;0.274;0.096
1915;214;405;30999;145.3348811;1951;0.542;0.051572105;1.43;5;0.511;0.235;0.274;0.096
1916;214;418;30999;145.3348811;1951;0.542;0.051572105;1.43;5;0.511;0.235;0.274;0.096
1917;214;425;30999;145.3348811;1951;0.542;0.051572105;1.43;5;0.511;0.235;0.274;0.096
1918;214;593;30999;145.3348811;1951;0.542;0.051572105;1.43;5;0.511;0.235;0.274;0.096
1913;215;110;8683;104.9249345;2257;0.759;0.036251849;1.58;4.7;0.522;0.233;0.282;0.078
1914;215;137;8683;104.9249345;2257;0.759;0.036251849;1.58;4.7;0.522;0.233;0.282;0.078
1915;215;129;8683;104.9249345;2257;0.759;0.036251849;1.58;4.7;0.522;0.233;0.282;0.078
1916;215;123;8683;104.9249345;2257;0.759;0.036251849;1.58;4.7;0.522;0.233;0.282;0.078
1917;215;124;8683;104.9249345;2257;0.759;0.036251849;1.58;4.7;0.522;0.233;0.282;0.078
1918;215;162;8683;104.9249345;2257;0.759;0.036251849;1.58;4.7;0.522;0.233;0.282;0.078
1913;216;87;9401;110.367838;2185;0.524;0.035220031;1.31;4.9;0.519;0.236;0.276;0.093
1914;216;101;9401;110.367838;2185;0.524;0.035220031;1.31;4.9;0.519;0.236;0.276;0.093
1915;216;106;9401;110.367838;2185;0.524;0.035220031;1.31;4.9;0.519;0.236;0.276;0.093
1916;216;104;9401;110.367838;2185;0.524;0.035220031;1.31;4.9;0.519;0.236;0.276;0.093
1917;216;108;9401;110.367838;2185;0.524;0.035220031;1.31;4.9;0.519;0.236;0.276;0.093
1918;216;163;9401;110.367838;2185;0.524;0.035220031;1.31;4.9;0.519;0.236;0.276;0.093
1913;217;341;18624;65.76521986;2993;0.797;0.021187249;1.81;4.5;0.505;0.236;0.3;0.064
1914;217;307;18624;65.76521986;2993;0.797;0.021187249;1.81;4.5;0.505;0.236;0.3;0.064
1915;217;297;18624;65.76521986;2993;0.797;0.021187249;1.81;4.5;0.505;0.236;0.3;0.064
1916;217;301;18624;65.76521986;2993;0.797;0.021187249;1.81;4.5;0.505;0.236;0.3;0.064
1917;217;317;18624;65.76521986;2993;0.797;0.021187249;1.81;4.5;0.505;0.236;0.3;0.064
1918;217;456;18624;65.76521986;2993;0.797;0.021187249;1.81;4.5;0.505;0.236;0.3;0.064
1913;218;88;4484;76.16058265;2129;0.684;0.03396993;1.58;4.3;0.634;0.222;0.254;0.106
1914;218;77;4484;76.16058265;2129;0.684;0.03396993;1.58;4.3;0.634;0.222;0.254;0.106
1915;218;78;4484;76.16058265;2129;0.684;0.03396993;1.58;4.3;0.634;0.222;0.254;0.106
1916;218;73;4484;76.16058265;2129;0.684;0.03396993;1.58;4.3;0.634;0.222;0.254;0.106
1917;218;69;4484;76.16058265;2129;0.684;0.03396993;1.58;4.3;0.634;0.222;0.254;0.106
1918;218;102;4484;76.16058265;2129;0.684;0.03396993;1.58;4.3;0.634;0.222;0.254;0.106
1913;219;286;14614;166.0449733;2060;0.654;0.034086145;1.47;4.5;0.506;0.245;0.283;0.08
1914;219;305;14614;166.0449733;2060;0.654;0.034086145;1.47;4.5;0.506;0.245;0.283;0.08
1915;219;262;14614;166.0449733;2060;0.654;0.034086145;1.47;4.5;0.506;0.245;0.283;0.08
1916;219;251;14614;166.0449733;2060;0.654;0.034086145;1.47;4.5;0.506;0.245;0.283;0.08
1917;219;272;14614;166.0449733;2060;0.654;0.034086145;1.47;4.5;0.506;0.245;0.283;0.08
1918;219;429;14614;166.0449733;2060;0.654;0.034086145;1.47;4.5;0.506;0.245;0.283;0.08
1913;220;170;12157;39.69353988;2039;0.548;0.016325385;1.35;4.2;0.509;0.228;0.276;0.106
1914;220;160;12157;39.69353988;2039;0.548;0.016325385;1.35;4.2;0.509;0.228;0.276;0.106
1915;220;142;12157;39.69353988;2039;0.548;0.016325385;1.35;4.2;0.509;0.228;0.276;0.106
1916;220;163;12157;39.69353988;2039;0.548;0.016325385;1.35;4.2;0.509;0.228;0.276;0.106
1917;220;161;12157;39.69353988;2039;0.548;0.016325385;1.35;4.2;0.509;0.228;0.276;0.106
1918;220;226;12157;39.69353988;2039;0.548;0.016325385;1.35;4.2;0.509;0.228;0.276;0.106
1913;221;118;6568;11.89912628;2077;0.451;0.003623364;1.32;4.1;0.508;0.207;0.287;0.127
1914;221;90;6568;11.89912628;2077;0.451;0.003623364;1.32;4.1;0.508;0.207;0.287;0.127
1915;221;98;6568;11.89912628;2077;0.451;0.003623364;1.32;4.1;0.508;0.207;0.287;0.127
1916;221;97;6568;11.89912628;2077;0.451;0.003623364;1.32;4.1;0.508;0.207;0.287;0.127
1917;221;89;6568;11.89912628;2077;0.451;0.003623364;1.32;4.1;0.508;0.207;0.287;0.127
1918;221;96;6568;11.89912628;2077;0.451;0.003623364;1.32;4.1;0.508;0.207;0.287;0.127
1913;222;129;7536;22.67693107;2002;0.407;0.006018294;1.22;4;0.514;0.233;0.279;0.099
1914;222;106;7536;22.67693107;2002;0.407;0.006018294;1.22;4;0.514;0.233;0.279;0.099
1915;222;111;7536;22.67693107;2002;0.407;0.006018294;1.22;4;0.514;0.233;0.279;0.099
1916;222;86;7536;22.67693107;2002;0.407;0.006018294;1.22;4;0.514;0.233;0.279;0.099
1917;222;93;7536;22.67693107;2002;0.407;0.006018294;1.22;4;0.514;0.233;0.279;0.099
1918;222;153;7536;22.67693107;2002;0.407;0.006018294;1.22;4;0.514;0.233;0.279;0.099
1913;223;395;25381;80.10875171;2372;0.685;0.025249991;1.35;4.2;0.491;0.219;0.274;0.102
1914;223;429;25381;80.10875171;2372;0.685;0.025249991;1.35;4.2;0.491;0.219;0.274;0.102
1915;223;382;25381;80.10875171;2372;0.685;0.025249991;1.35;4.2;0.491;0.219;0.274;0.102
1916;223;378;25381;80.10875171;2372;0.685;0.025249991;1.35;4.2;0.491;0.219;0.274;0.102
1917;223;408;25381;80.10875171;2372;0.685;0.025249991;1.35;4.2;0.491;0.219;0.274;0.102
1918;223;601;25381;80.10875171;2372;0.685;0.025249991;1.35;4.2;0.491;0.219;0.274;0.102
1913;224;66;5933;24.61354903;1872;0.448;0.004148584;1.24;4.1;0.327;0.22;0.29;0.092
1914;224;82;5933;24.61354903;1872;0.448;0.004148584;1.24;4.1;0.327;0.22;0.29;0.092
1915;224;56;5933;24.61354903;1872;0.448;0.004148584;1.24;4.1;0.327;0.22;0.29;0.092
1916;224;59;5933;24.61354903;1872;0.448;0.004148584;1.24;4.1;0.327;0.22;0.29;0.092
1917;224;64;5933;24.61354903;1872;0.448;0.004148584;1.24;4.1;0.327;0.22;0.29;0.092
1918;224;127;5933;24.61354903;1872;0.448;0.004148584;1.24;4.1;0.327;0.22;0.29;0.092
1913;225;167;11135;70.97881281;1498;0.361;0.012748776;1.24;5.2;0.517;0.268;0.243;0.084
1914;225;134;11135;70.97881281;1498;0.361;0.012748776;1.24;5.2;0.517;0.268;0.243;0.084
1915;225;165;11135;70.97881281;1498;0.361;0.012748776;1.24;5.2;0.517;0.268;0.243;0.084
1916;225;124;11135;70.97881281;1498;0.361;0.012748776;1.24;5.2;0.517;0.268;0.243;0.084
1917;225;150;11135;70.97881281;1498;0.361;0.012748776;1.24;5.2;0.517;0.268;0.243;0.084
1918;225;228;11135;70.97881281;1498;0.361;0.012748776;1.24;5.2;0.517;0.268;0.243;0.084
1913;226;363;21560;113.7558586;1843;0.494;0.026381229;1.32;4.9;0.518;0.247;0.254;0.112
1914;226;373;21560;113.7558586;1843;0.494;0.026381229;1.32;4.9;0.518;0.247;0.254;0.112
1915;226;359;21560;113.7558586;1843;0.494;0.026381229;1.32;4.9;0.518;0.247;0.254;0.112
1916;226;345;21560;113.7558586;1843;0.494;0.026381229;1.32;4.9;0.518;0.247;0.254;0.112
1917;226;358;21560;113.7558586;1843;0.494;0.026381229;1.32;4.9;0.518;0.247;0.254;0.112
1918;226;526;21560;113.7558586;1843;0.494;0.026381229;1.32;4.9;0.518;0.247;0.254;0.112
1913;227;326;25061;78.24710987;1779;0.457;0.024978129;1.36;5.1;0.51;0.242;0.263;0.1
1914;227;363;25061;78.24710987;1779;0.457;0.024978129;1.36;5.1;0.51;0.242;0.263;0.1
1915;227;332;25061;78.24710987;1779;0.457;0.024978129;1.36;5.1;0.51;0.242;0.263;0.1
1916;227;333;25061;78.24710987;1779;0.457;0.024978129;1.36;5.1;0.51;0.242;0.263;0.1
1917;227;377;25061;78.24710987;1779;0.457;0.024978129;1.36;5.1;0.51;0.242;0.263;0.1
1918;227;556;25061;78.24710987;1779;0.457;0.024978129;1.36;5.1;0.51;0.242;0.263;0.1
1913;228;498;40220;150.3285587;2165;0.688;0.05980251;1.68;4.5;0.499;0.24;0.282;0.083
1914;228;497;40220;150.3285587;2165;0.688;0.05980251;1.68;4.5;0.499;0.24;0.282;0.083
1915;228;519;40220;150.3285587;2165;0.688;0.05980251;1.68;4.5;0.499;0.24;0.282;0.083
1916;228;447;40220;150.3285587;2165;0.688;0.05980251;1.68;4.5;0.499;0.24;0.282;0.083
1917;228;479;40220;150.3285587;2165;0.688;0.05980251;1.68;4.5;0.499;0.24;0.282;0.083
1918;228;750;40220;150.3285587;2165;0.688;0.05980251;1.68;4.5;0.499;0.24;0.282;0.083
1913;229;362;24414;127.8133571;1928;0.509;0.03664674;1.38;4.9;0.511;0.239;0.265;0.102
1914;229;316;24414;127.8133571;1928;0.509;0.03664674;1.38;4.9;0.511;0.239;0.265;0.102
1915;229;304;24414;127.8133571;1928;0.509;0.03664674;1.38;4.9;0.511;0.239;0.265;0.102
1916;229;312;24414;127.8133571;1928;0.509;0.03664674;1.38;4.9;0.511;0.239;0.265;0.102
1917;229;293;24414;127.8133571;1928;0.509;0.03664674;1.38;4.9;0.511;0.239;0.265;0.102
1918;229;427;24414;127.8133571;1928;0.509;0.03664674;1.38;4.9;0.511;0.239;0.265;0.102
1913;230;285;18530;144.2952001;2000;0.659;0.070084015;1.51;4.5;0.5;0.243;0.261;0.102
1914;230;264;18530;144.2952001;2000;0.659;0.070084015;1.51;4.5;0.5;0.243;0.261;0.102
1915;230;259;18530;144.2952001;2000;0.659;0.070084015;1.51;4.5;0.5;0.243;0.261;0.102
1916;230;230;18530;144.2952001;2000;0.659;0.070084015;1.51;4.5;0.5;0.243;0.261;0.102
1917;230;275;18530;144.2952001;2000;0.659;0.070084015;1.51;4.5;0.5;0.243;0.261;0.102
1918;230;354;18530;144.2952001;2000;0.659;0.070084015;1.51;4.5;0.5;0.243;0.261;0.102
1913;301;292;16851;41.27561263;1694;0.361;0.009797784;1.22;5.3;0.524;0.235;0.279;0.108
1914;301;306;16851;41.27561263;1694;0.361;0.009797784;1.22;5.3;0.524;0.235;0.279;0.108
1915;301;252;16851;41.27561263;1694;0.361;0.009797784;1.22;5.3;0.524;0.235;0.279;0.108
1916;301;264;16851;41.27561263;1694;0.361;0.009797784;1.22;5.3;0.524;0.235;0.279;0.108
1917;301;245;16851;41.27561263;1694;0.361;0.009797784;1.22;5.3;0.524;0.235;0.279;0.108
1918;301;436;16851;41.27561263;1694;0.361;0.009797784;1.22;5.3;0.524;0.235;0.279;0.108
1913;302;316;22168;125.2294951;2708;0.579;0.056491111;1.55;5.2;0.52;0.215;0.293;0.096
1914;302;326;22168;125.2294951;2708;0.579;0.056491111;1.55;5.2;0.52;0.215;0.293;0.096
1915;302;265;22168;125.2294951;2708;0.579;0.056491111;1.55;5.2;0.52;0.215;0.293;0.096
1916;302;305;22168;125.2294951;2708;0.579;0.056491111;1.55;5.2;0.52;0.215;0.293;0.096
1917;302;319;22168;125.2294951;2708;0.579;0.056491111;1.55;5.2;0.52;0.215;0.293;0.096
1918;302;398;22168;125.2294951;2708;0.579;0.056491111;1.55;5.2;0.52;0.215;0.293;0.096
1913;303;947;72439;334.2734712;2777;0.885;0.309174927;2.94;4.3;0.488;0.195;0.342;0.081
1914;303;862;72439;334.2734712;2777;0.885;0.309174927;2.94;4.3;0.488;0.195;0.342;0.081
1915;303;788;72439;334.2734712;2777;0.885;0.309174927;2.94;4.3;0.488;0.195;0.342;0.081
1916;303;917;72439;334.2734712;2777;0.885;0.309174927;2.94;4.3;0.488;0.195;0.342;0.081
1917;303;902;72439;334.2734712;2777;0.885;0.309174927;2.94;4.3;0.488;0.195;0.342;0.081
1918;303;1237;72439;334.2734712;2777;0.885;0.309174927;2.94;4.3;0.488;0.195;0.342;0.081
1913;304;477;31844;110.7343155;2147;0.493;0.059115795;1.47;5.2;0.52;0.222;0.28;0.108
1914;304;523;31844;110.7343155;2147;0.493;0.059115795;1.47;5.2;0.52;0.222;0.28;0.108
1915;304;427;31844;110.7343155;2147;0.493;0.059115795;1.47;5.2;0.52;0.222;0.28;0.108
1916;304;495;31844;110.7343155;2147;0.493;0.059115795;1.47;5.2;0.52;0.222;0.28;0.108
1917;304;476;31844;110.7343155;2147;0.493;0.059115795;1.47;5.2;0.52;0.222;0.28;0.108
1918;304;630;31844;110.7343155;2147;0.493;0.059115795;1.47;5.2;0.52;0.222;0.28;0.108
1913;305;595;31801;94.20522763;1969;0.43;0.044435031;1.38;5.5;0.516;0.225;0.275;0.11
1914;305;559;31801;94.20522763;1969;0.43;0.044435031;1.38;5.5;0.516;0.225;0.275;0.11
1915;305;548;31801;94.20522763;1969;0.43;0.044435031;1.38;5.5;0.516;0.225;0.275;0.11
1916;305;494;31801;94.20522763;1969;0.43;0.044435031;1.38;5.5;0.516;0.225;0.275;0.11
1917;305;531;31801;94.20522763;1969;0.43;0.044435031;1.38;5.5;0.516;0.225;0.275;0.11
1918;305;734;31801;94.20522763;1969;0.43;0.044435031;1.38;5.5;0.516;0.225;0.275;0.11
1913;400;346;23601;22.3753669;2047;0.676;0.007584549;1.53;5;0.517;0.24;0.295;0.083
1914;400;351;23601;22.3753669;2047;0.676;0.007584549;1.53;5;0.517;0.24;0.295;0.083
1915;400;334;23601;22.3753669;2047;0.676;0.007584549;1.53;5;0.517;0.24;0.295;0.083
1916;400;314;23601;22.3753669;2047;0.676;0.007584549;1.53;5;0.517;0.24;0.295;0.083
1917;400;334;23601;22.3753669;2047;0.676;0.007584549;1.53;5;0.517;0.24;0.295;0.083
1918;400;520;23601;22.3753669;2047;0.676;0.007584549;1.53;5;0.517;0.24;0.295;0.083
1913;501;122;8269;75.35041726;2363;0.683;0.063786784;1.66;4.1;0.495;0.233;0.272;0.096
1914;501;149;8269;75.35041726;2363;0.683;0.063786784;1.66;4.1;0.495;0.233;0.272;0.096
1915;501;128;8269;75.35041726;2363;0.683;0.063786784;1.66;4.1;0.495;0.233;0.272;0.096
1916;501;102;8269;75.35041726;2363;0.683;0.063786784;1.66;4.1;0.495;0.233;0.272;0.096
1917;501;136;8269;75.35041726;2363;0.683;0.063786784;1.66;4.1;0.495;0.233;0.272;0.096
1918;501;166;8269;75.35041726;2363;0.683;0.063786784;1.66;4.1;0.495;0.233;0.272;0.096
1913;502;46;2055;141.6860293;1892;0.804;0.137893946;1.85;4.6;0.448;0.232;0.282;0.075
1914;502;36;2055;141.6860293;1892;0.804;0.137893946;1.85;4.6;0.448;0.232;0.282;0.075
1915;502;24;2055;141.6860293;1892;0.804;0.137893946;1.85;4.6;0.448;0.232;0.282;0.075
1916;502;35;2055;141.6860293;1892;0.804;0.137893946;1.85;4.6;0.448;0.232;0.282;0.075
1917;502;31;2055;141.6860293;1892;0.804;0.137893946;1.85;4.6;0.448;0.232;0.282;0.075
1918;502;37;2055;141.6860293;1892;0.804;0.137893946;1.85;4.6;0.448;0.232;0.282;0.075
1913;503;81;5633;150.3135424;2150;0.709;0.053368913;1.74;4.6;0.501;0.203;0.29;0.092
1914;503;84;5633;150.3135424;2150;0.709;0.053368913;1.74;4.6;0.501;0.203;0.29;0.092
1915;503;75;5633;150.3135424;2150;0.709;0.053368913;1.74;4.6;0.501;0.203;0.29;0.092
1916;503;84;5633;150.3135424;2150;0.709;0.053368913;1.74;4.6;0.501;0.203;0.29;0.092
1917;503;88;5633;150.3135424;2150;0.709;0.053368913;1.74;4.6;0.501;0.203;0.29;0.092
1918;503;114;5633;150.3135424;2150;0.709;0.053368913;1.74;4.6;0.501;0.203;0.29;0.092
1913;504;62;4070;138.2036245;2318;0.64;0.135826658;1.6;4.8;0.53;0.223;0.296;0.079
1914;504;44;4070;138.2036245;2318;0.64;0.135826658;1.6;4.8;0.53;0.223;0.296;0.079
1915;504;38;4070;138.2036245;2318;0.64;0.135826658;1.6;4.8;0.53;0.223;0.296;0.079
1916;504;50;4070;138.2036245;2318;0.64;0.135826658;1.6;4.8;0.53;0.223;0.296;0.079
1917;504;45;4070;138.2036245;2318;0.64;0.135826658;1.6;4.8;0.53;0.223;0.296;0.079
1918;504;87;4070;138.2036245;2318;0.64;0.135826658;1.6;4.8;0.53;0.223;0.296;0.079
1913;505;204;13204;74.82808921;2484;0.647;0.039669541;1.51;4.4;0.495;0.221;0.278;0.104
1914;505;181;13204;74.82808921;2484;0.647;0.039669541;1.51;4.4;0.495;0.221;0.278;0.104
1915;505;173;13204;74.82808921;2484;0.647;0.039669541;1.51;4.4;0.495;0.221;0.278;0.104
1916;505;195;13204;74.82808921;2484;0.647;0.039669541;1.51;4.4;0.495;0.221;0.278;0.104
1917;505;193;13204;74.82808921;2484;0.647;0.039669541;1.51;4.4;0.495;0.221;0.278;0.104
1918;505;239;13204;74.82808921;2484;0.647;0.039669541;1.51;4.4;0.495;0.221;0.278;0.104
1913;506;394;26239;53.17381122;2374;0.645;0.026344737;1.63;4.5;0.494;0.232;0.288;0.087
1914;506;376;26239;53.17381122;2374;0.645;0.026344737;1.63;4.5;0.494;0.232;0.288;0.087
1915;506;368;26239;53.17381122;2374;0.645;0.026344737;1.63;4.5;0.494;0.232;0.288;0.087
1916;506;415;26239;53.17381122;2374;0.645;0.026344737;1.63;4.5;0.494;0.232;0.288;0.087
1917;506;410;26239;53.17381122;2374;0.645;0.026344737;1.63;4.5;0.494;0.232;0.288;0.087
1918;506;560;26239;53.17381122;2374;0.645;0.026344737;1.63;4.5;0.494;0.232;0.288;0.087
1913;600;254;17486;36.30780782;1922;0.532;0.02076393;1.38;4.6;0.519;0.224;0.27;0.117
1914;600;244;17486;36.30780782;1922;0.532;0.02076393;1.38;4.6;0.519;0.224;0.27;0.117
1915;600;244;17486;36.30780782;1922;0.532;0.02076393;1.38;4.6;0.519;0.224;0.27;0.117
1916;600;230;17486;36.30780782;1922;0.532;0.02076393;1.38;4.6;0.519;0.224;0.27;0.117
1917;600;256;17486;36.30780782;1922;0.532;0.02076393;1.38;4.6;0.519;0.224;0.27;0.117
1918;600;372;17486;36.30780782;1922;0.532;0.02076393;1.38;4.6;0.519;0.224;0.27;0.117
1913;700;219;13922;57.80987684;1978;0.648;0.033219294;1.53;4.6;0.508;0.237;0.266;0.099
1914;700;193;13922;57.80987684;1978;0.648;0.033219294;1.53;4.6;0.508;0.237;0.266;0.099
1915;700;210;13922;57.80987684;1978;0.648;0.033219294;1.53;4.6;0.508;0.237;0.266;0.099
1916;700;194;13922;57.80987684;1978;0.648;0.033219294;1.53;4.6;0.508;0.237;0.266;0.099
1917;700;215;13922;57.80987684;1978;0.648;0.033219294;1.53;4.6;0.508;0.237;0.266;0.099
1918;700;264;13922;57.80987684;1978;0.648;0.033219294;1.53;4.6;0.508;0.237;0.266;0.099
1913;800;531;33730;49.85423585;2747;0.863;0.038428999;1.4;3.7;0.486;0.189;0.282;0.12
1914;800;476;33730;49.85423585;2747;0.863;0.038428999;1.4;3.7;0.486;0.189;0.282;0.12
1915;800;427;33730;49.85423585;2747;0.863;0.038428999;1.4;3.7;0.486;0.189;0.282;0.12
1916;800;495;33730;49.85423585;2747;0.863;0.038428999;1.4;3.7;0.486;0.189;0.282;0.12
1917;800;535;33730;49.85423585;2747;0.863;0.038428999;1.4;3.7;0.486;0.189;0.282;0.12
1918;800;672;33730;49.85423585;2747;0.863;0.038428999;1.4;3.7;0.486;0.189;0.282;0.12
1913;900;407;30886;148.9177356;2520;0.768;0.188039619;1.75;4.7;0.491;0.216;0.297;0.082
1914;900;416;30886;148.9177356;2520;0.768;0.188039619;1.75;4.7;0.491;0.216;0.297;0.082
1915;900;391;30886;148.9177356;2520;0.768;0.188039619;1.75;4.7;0.491;0.216;0.297;0.082
1916;900;411;30886;148.9177356;2520;0.768;0.188039619;1.75;4.7;0.491;0.216;0.297;0.082
1917;900;419;30886;148.9177356;2520;0.768;0.188039619;1.75;4.7;0.491;0.216;0.297;0.082
1918;900;621;30886;148.9177356;2520;0.768;0.188039619;1.75;4.7;0.491;0.216;0.297;0.082
1913;1001;283;15589;89.41928231;1984;0.392;0.01720815;1.14;4.9;0.504;0.227;0.264;0.104
1914;1001;275;15589;89.41928231;1984;0.392;0.01720815;1.14;4.9;0.504;0.227;0.264;0.104
1915;1001;280;15589;89.41928231;1984;0.392;0.01720815;1.14;4.9;0.504;0.227;0.264;0.104
1916;1001;280;15589;89.41928231;1984;0.392;0.01720815;1.14;4.9;0.504;0.227;0.264;0.104
1917;1001;304;15589;89.41928231;1984;0.392;0.01720815;1.14;4.9;0.504;0.227;0.264;0.104
1918;1001;407;15589;89.41928231;1984;0.392;0.01720815;1.14;4.9;0.504;0.227;0.264;0.104
1913;1002;322;14915;88.35596881;1933;0.383;0.017771901;1.21;5;0.514;0.232;0.267;0.098
1914;1002;363;14915;88.35596881;1933;0.383;0.017771901;1.21;5;0.514;0.232;0.267;0.098
1915;1002;292;14915;88.35596881;1933;0.383;0.017771901;1.21;5;0.514;0.232;0.267;0.098
1916;1002;240;14915;88.35596881;1933;0.383;0.017771901;1.21;5;0.514;0.232;0.267;0.098
1917;1002;269;14915;88.35596881;1933;0.383;0.017771901;1.21;5;0.514;0.232;0.267;0.098
1918;1002;333;14915;88.35596881;1933;0.383;0.017771901;1.21;5;0.514;0.232;0.267;0.098
1913;1003;461;26953;54.08362143;2446;0.641;0.01605272;1.45;4.6;0.5;0.227;0.275;0.103
1914;1003;417;26953;54.08362143;2446;0.641;0.01605272;1.45;4.6;0.5;0.227;0.275;0.103
1915;1003;436;26953;54.08362143;2446;0.641;0.01605272;1.45;4.6;0.5;0.227;0.275;0.103
1916;1003;411;26953;54.08362143;2446;0.641;0.01605272;1.45;4.6;0.5;0.227;0.275;0.103
1917;1003;410;26953;54.08362143;2446;0.641;0.01605272;1.45;4.6;0.5;0.227;0.275;0.103
1918;1003;490;26953;54.08362143;2446;0.641;0.01605272;1.45;4.6;0.5;0.227;0.275;0.103
1913;1004;673;39114;180.3409298;2543;0.728;0.064549088;1.72;4.8;0.501;0.223;0.296;0.081
1914;1004;651;39114;180.3409298;2543;0.728;0.064549088;1.72;4.8;0.501;0.223;0.296;0.081
1915;1004;649;39114;180.3409298;2543;0.728;0.064549088;1.72;4.8;0.501;0.223;0.296;0.081
1916;1004;562;39114;180.3409298;2543;0.728;0.064549088;1.72;4.8;0.501;0.223;0.296;0.081
1917;1004;660;39114;180.3409298;2543;0.728;0.064549088;1.72;4.8;0.501;0.223;0.296;0.081
1918;1004;876;39114;180.3409298;2543;0.728;0.064549088;1.72;4.8;0.501;0.223;0.296;0.081
1913;1005;247;15383;105.4904693;2122;0.462;0.034288003;1.26;4.7;0.511;0.233;0.261;0.096
1914;1005;242;15383;105.4904693;2122;0.462;0.034288003;1.26;4.7;0.511;0.233;0.261;0.096
1915;1005;217;15383;105.4904693;2122;0.462;0.034288003;1.26;4.7;0.511;0.233;0.261;0.096
1916;1005;203;15383;105.4904693;2122;0.462;0.034288003;1.26;4.7;0.511;0.233;0.261;0.096
1917;1005;248;15383;105.4904693;2122;0.462;0.034288003;1.26;4.7;0.511;0.233;0.261;0.096
1918;1005;312;15383;105.4904693;2122;0.462;0.034288003;1.26;4.7;0.511;0.233;0.261;0.096
1913;1006;309;21845;82.44009083;1770;0.381;0.011321596;1.21;5.8;0.517;0.263;0.265;0.077
1914;1006;816;21845;82.44009083;1770;0.381;0.011321596;1.21;5.8;0.517;0.263;0.265;0.077
1915;1006;816;21845;82.44009083;1770;0.381;0.011321596;1.21;5.8;0.517;0.263;0.265;0.077
1916;1006;325;21845;82.44009083;1770;0.381;0.011321596;1.21;5.8;0.517;0.263;0.265;0.077
1917;1006;387;21845;82.44009083;1770;0.381;0.011321596;1.21;5.8;0.517;0.263;0.265;0.077
1918;1006;477;21845;82.44009083;1770;0.381;0.011321596;1.21;5.8;0.517;0.263;0.265;0.077
1913;1007;160;8576;63.85732178;1936;0.475;0.022338149;1.28;4.9;0.505;0.247;0.255;0.099
1914;1007;167;8576;63.85732178;1936;0.475;0.022338149;1.28;4.9;0.505;0.247;0.255;0.099
1915;1007;167;8576;63.85732178;1936;0.475;0.022338149;1.28;4.9;0.505;0.247;0.255;0.099
1916;1007;139;8576;63.85732178;1936;0.475;0.022338149;1.28;4.9;0.505;0.247;0.255;0.099
1917;1007;156;8576;63.85732178;1936;0.475;0.022338149;1.28;4.9;0.505;0.247;0.255;0.099
1918;1007;181;8576;63.85732178;1936;0.475;0.022338149;1.28;4.9;0.505;0.247;0.255;0.099
1913;1101;88;7023;112.7423045;2335;0.707;0.016053297;1.43;4.8;0.62;0.239;0.278;0.087
1914;1101;82;7023;112.7423045;2335;0.707;0.016053297;1.43;4.8;0.62;0.239;0.278;0.087
1915;1101;92;7023;112.7423045;2335;0.707;0.016053297;1.43;4.8;0.62;0.239;0.278;0.087
1916;1101;90;7023;112.7423045;2335;0.707;0.016053297;1.43;4.8;0.62;0.239;0.278;0.087
1917;1101;104;7023;112.7423045;2335;0.707;0.016053297;1.43;4.8;0.62;0.239;0.278;0.087
1918;1101;133;7023;112.7423045;2335;0.707;0.016053297;1.43;4.8;0.62;0.239;0.278;0.087
1913;1102;140;10561;75.78524667;2335;0.764;0.028703815;1.71;4.9;0.514;0.254;0.282;0.074
1914;1102;137;10561;75.78524667;2335;0.764;0.028703815;1.71;4.9;0.514;0.254;0.282;0.074
1915;1102;148;10561;75.78524667;2335;0.764;0.028703815;1.71;4.9;0.514;0.254;0.282;0.074
1916;1102;141;10561;75.78524667;2335;0.764;0.028703815;1.71;4.9;0.514;0.254;0.282;0.074
1917;1102;121;10561;75.78524667;2335;0.764;0.028703815;1.71;4.9;0.514;0.254;0.282;0.074
1918;1102;192;10561;75.78524667;2335;0.764;0.028703815;1.71;4.9;0.514;0.254;0.282;0.074
1913;1103;77;5815;92.54072428;2461;0.457;0.03182828;1.26;4.5;0.503;0.24;0.252;0.115
1914;1103;75;5815;92.54072428;2461;0.457;0.03182828;1.26;4.5;0.503;0.24;0.252;0.115
1915;1103;82;5815;92.54072428;2461;0.457;0.03182828;1.26;4.5;0.503;0.24;0.252;0.115
1916;1103;81;5815;92.54072428;2461;0.457;0.03182828;1.26;4.5;0.503;0.24;0.252;0.115
1917;1103;78;5815;92.54072428;2461;0.457;0.03182828;1.26;4.5;0.503;0.24;0.252;0.115
1918;1103;94;5815;92.54072428;2461;0.457;0.03182828;1.26;4.5;0.503;0.24;0.252;0.115
1913;1104;104;7687;100.19852;1821;0.636;0.039104405;1.42;4.5;0.561;0.228;0.273;0.096
1914;1104;109;7687;100.19852;1821;0.636;0.039104405;1.42;4.5;0.561;0.228;0.273;0.096
1915;1104;94;7687;100.19852;1821;0.636;0.039104405;1.42;4.5;0.561;0.228;0.273;0.096
1916;1104;82;7687;100.19852;1821;0.636;0.039104405;1.42;4.5;0.561;0.228;0.273;0.096
1917;1104;120;7687;100.19852;1821;0.636;0.039104405;1.42;4.5;0.561;0.228;0.273;0.096
1918;1104;138;7687;100.19852;1821;0.636;0.039104405;1.42;4.5;0.561;0.228;0.273;0.096
1913;1105;211;11213;149.9824109;2600;0.811;0.013375761;1.66;4.8;0.497;0.233;0.281;0.087
1914;1105;187;11213;149.9824109;2600;0.811;0.013375761;1.66;4.8;0.497;0.233;0.281;0.087
1915;1105;165;11213;149.9824109;2600;0.811;0.013375761;1.66;4.8;0.497;0.233;0.281;0.087
1916;1105;164;11213;149.9824109;2600;0.811;0.013375761;1.66;4.8;0.497;0.233;0.281;0.087
1917;1105;149;11213;149.9824109;2600;0.811;0.013375761;1.66;4.8;0.497;0.233;0.281;0.087
1918;1105;206;11213;149.9824109;2600;0.811;0.013375761;1.66;4.8;0.497;0.233;0.281;0.087
1913;1106;254;20192;197.6412643;2461;0.852;0.068516682;2.03;4.7;0.499;0.25;0.283;0.059
1914;1106;252;20192;197.6412643;2461;0.852;0.068516682;2.03;4.7;0.499;0.25;0.283;0.059
1915;1106;209;20192;197.6412643;2461;0.852;0.068516682;2.03;4.7;0.499;0.25;0.283;0.059
1916;1106;199;20192;197.6412643;2461;0.852;0.068516682;2.03;4.7;0.499;0.25;0.283;0.059
1917;1106;249;20192;197.6412643;2461;0.852;0.068516682;2.03;4.7;0.499;0.25;0.283;0.059
1918;1106;369;20192;197.6412643;2461;0.852;0.068516682;2.03;4.7;0.499;0.25;0.283;0.059
1913;1107;262;20546;299.2443883;2761;0.862;0.058258423;2.15;4.5;0.506;0.227;0.311;0.065
1914;1107;260;20546;299.2443883;2761;0.862;0.058258423;2.15;4.5;0.506;0.227;0.311;0.065
1915;1107;213;20546;299.2443883;2761;0.862;0.058258423;2.15;4.5;0.506;0.227;0.311;0.065
1916;1107;236;20546;299.2443883;2761;0.862;0.058258423;2.15;4.5;0.506;0.227;0.311;0.065
1917;1107;278;20546;299.2443883;2761;0.862;0.058258423;2.15;4.5;0.506;0.227;0.311;0.065
1918;1107;431;20546;299.2443883;2761;0.862;0.058258423;2.15;4.5;0.506;0.227;0.311;0.065
1913;1108;315;24905;309.1457746;2600;0.902;0.124130004;1.7;4.5;0.483;0.224;0.315;0.074
1914;1108;287;24905;309.1457746;2600;0.902;0.124130004;1.7;4.5;0.483;0.224;0.315;0.074
1915;1108;264;24905;309.1457746;2600;0.902;0.124130004;1.7;4.5;0.483;0.224;0.315;0.074
1916;1108;270;24905;309.1457746;2600;0.902;0.124130004;1.7;4.5;0.483;0.224;0.315;0.074
1917;1108;252;24905;309.1457746;2600;0.902;0.124130004;1.7;4.5;0.483;0.224;0.315;0.074
1918;1108;403;24905;309.1457746;2600;0.902;0.124130004;1.7;4.5;0.483;0.224;0.315;0.074
1913;1109;182;12790;108.5511854;2761;0.982;0.093359112;2.31;4.1;0.464;0.173;0.33;0.091
1914;1109;154;12790;108.5511854;2761;0.982;0.093359112;2.31;4.1;0.464;0.173;0.33;0.091
1915;1109;152;12790;108.5511854;2761;0.982;0.093359112;2.31;4.1;0.464;0.173;0.33;0.091
1916;1109;157;12790;108.5511854;2761;0.982;0.093359112;2.31;4.1;0.464;0.173;0.33;0.091
1917;1109;176;12790;108.5511854;2761;0.982;0.093359112;2.31;4.1;0.464;0.173;0.33;0.091
1918;1109;274;12790;108.5511854;2761;0.982;0.093359112;2.31;4.1;0.464;0.173;0.33;0.091
1913;1110;92;7172;1152.239573;1821;0.658;0.160658055;1.31;5;0.504;0.227;0.258;0.101
1914;1110;103;7172;1152.239573;1821;0.658;0.160658055;1.31;5;0.504;0.227;0.258;0.101
1915;1110;133;7172;1152.239573;1821;0.658;0.160658055;1.31;5;0.504;0.227;0.258;0.101
1916;1110;107;7172;1152.239573;1821;0.658;0.160658055;1.31;5;0.504;0.227;0.258;0.101
1917;1110;112;7172;1152.239573;1821;0.658;0.160658055;1.31;5;0.504;0.227;0.258;0.101
1918;1110;149;7172;1152.239573;1821;0.658;0.160658055;1.31;5;0.504;0.227;0.258;0.101
1913;1200;1646;139750;301.1656782;3603;0.997;0.31894469;3;3.9;0.465;0.195;0.352;0.069
1914;1200;1442;139750;301.1656782;3603;0.997;0.31894469;3;3.9;0.465;0.195;0.352;0.069
1915;1200;1525;139750;301.1656782;3603;0.997;0.31894469;3;3.9;0.465;0.195;0.352;0.069
1916;1200;1373;139750;301.1656782;3603;0.997;0.31894469;3;3.9;0.465;0.195;0.352;0.069
1917;1200;1574;139750;301.1656782;3603;0.997;0.31894469;3;3.9;0.465;0.195;0.352;0.069
1918;1200;2192;139750;301.1656782;3603;0.997;0.31894469;3;3.9;0.465;0.195;0.352;0.069
1913;1301;445;35657;371.3535863;1862;0.897;0.187462898;1.85;4.5;0.499;0.229;0.308;0.066
1914;1301;407;35657;371.3535863;1862;0.897;0.187462898;1.85;4.5;0.499;0.229;0.308;0.066
1915;1301;435;35657;371.3535863;1862;0.897;0.187462898;1.85;4.5;0.499;0.229;0.308;0.066
1916;1301;381;35657;371.3535863;1862;0.897;0.187462898;1.85;4.5;0.499;0.229;0.308;0.066
1917;1301;434;35657;371.3535863;1862;0.897;0.187462898;1.85;4.5;0.499;0.229;0.308;0.066
1918;1301;490;35657;371.3535863;1862;0.897;0.187462898;1.85;4.5;0.499;0.229;0.308;0.066
1913;1302;257;18668;216.0395602;2554;0.834;0.104154491;1.66;4.6;0.5;0.211;0.3;0.095
1914;1302;274;18668;216.0395602;2554;0.834;0.104154491;1.66;4.6;0.5;0.211;0.3;0.095
1915;1302;242;18668;216.0395602;2554;0.834;0.104154491;1.66;4.6;0.5;0.211;0.3;0.095
1916;1302;251;18668;216.0395602;2554;0.834;0.104154491;1.66;4.6;0.5;0.211;0.3;0.095
1917;1302;291;18668;216.0395602;2554;0.834;0.104154491;1.66;4.6;0.5;0.211;0.3;0.095
1918;1302;433;18668;216.0395602;2554;0.834;0.104154491;1.66;4.6;0.5;0.211;0.3;0.095
1913;1303;243;17242;124.2569948;2326;0.695;0.050446524;1.51;4.6;0.49;0.224;0.279;0.093
1914;1303;219;17242;124.2569948;2326;0.695;0.050446524;1.51;4.6;0.49;0.224;0.279;0.093
1915;1303;187;17242;124.2569948;2326;0.695;0.050446524;1.51;4.6;0.49;0.224;0.279;0.093
1916;1303;212;17242;124.2569948;2326;0.695;0.050446524;1.51;4.6;0.49;0.224;0.279;0.093
1917;1303;227;17242;124.2569948;2326;0.695;0.050446524;1.51;4.6;0.49;0.224;0.279;0.093
1918;1303;290;17242;124.2569948;2326;0.695;0.050446524;1.51;4.6;0.49;0.224;0.279;0.093
1913;1304;120;9643;91.16555392;2348;0.707;0.018908131;1.42;4.6;0.503;0.217;0.293;0.093
1914;1304;115;9643;91.16555392;2348;0.707;0.018908131;1.42;4.6;0.503;0.217;0.293;0.093
1915;1304;136;9643;91.16555392;2348;0.707;0.018908131;1.42;4.6;0.503;0.217;0.293;0.093
1916;1304;100;9643;91.16555392;2348;0.707;0.018908131;1.42;4.6;0.503;0.217;0.293;0.093
1917;1304;138;9643;91.16555392;2348;0.707;0.018908131;1.42;4.6;0.503;0.217;0.293;0.093
1918;1304;173;9643;91.16555392;2348;0.707;0.018908131;1.42;4.6;0.503;0.217;0.293;0.093
1913;1401;45;3227;77.5245943;1677;0.42;0.024023735;1.35;3.8;0.486;0.207;0.254;0.139
1914;1401;49;3227;77.5245943;1677;0.42;0.024023735;1.35;3.8;0.486;0.207;0.254;0.139
1915;1401;42;3227;77.5245943;1677;0.42;0.024023735;1.35;3.8;0.486;0.207;0.254;0.139
1916;1401;56;3227;77.5245943;1677;0.42;0.024023735;1.35;3.8;0.486;0.207;0.254;0.139
1917;1401;64;3227;77.5245943;1677;0.42;0.024023735;1.35;3.8;0.486;0.207;0.254;0.139
1918;1401;51;3227;77.5245943;1677;0.42;0.024023735;1.35;3.8;0.486;0.207;0.254;0.139
1913;1402;74;4015;83.21829932;2440;0.497;0.041453698;1.3;4.4;0.54;0.207;0.285;0.096
1914;1402;56;4015;83.21829932;2440;0.497;0.041453698;1.3;4.4;0.54;0.207;0.285;0.096
1915;1402;72;4015;83.21829932;2440;0.497;0.041453698;1.3;4.4;0.54;0.207;0.285;0.096
1916;1402;57;4015;83.21829932;2440;0.497;0.041453698;1.3;4.4;0.54;0.207;0.285;0.096
1917;1402;66;4015;83.21829932;2440;0.497;0.041453698;1.3;4.4;0.54;0.207;0.285;0.096
1918;1402;74;4015;83.21829932;2440;0.497;0.041453698;1.3;4.4;0.54;0.207;0.285;0.096
1913;1403;397;31070;325.1550949;2763;0.906;0.156978643;2.21;4.2;0.494;0.197;0.332;0.08
1914;1403;368;31070;325.1550949;2763;0.906;0.156978643;2.21;4.2;0.494;0.197;0.332;0.08
1915;1403;421;31070;325.1550949;2763;0.906;0.156978643;2.21;4.2;0.494;0.197;0.332;0.08
1916;1403;441;31070;325.1550949;2763;0.906;0.156978643;2.21;4.2;0.494;0.197;0.332;0.08
1917;1403;486;31070;325.1550949;2763;0.906;0.156978643;2.21;4.2;0.494;0.197;0.332;0.08
1918;1403;573;31070;325.1550949;2763;0.906;0.156978643;2.21;4.2;0.494;0.197;0.332;0.08
1913;1404;42;3103;71.14263835;1814;0.34;0.022927051;1.3;4;0.494;0.224;0.25;0.157
1914;1404;66;3103;71.14263835;1814;0.34;0.022927051;1.3;4;0.494;0.224;0.25;0.157
1915;1404;46;3103;71.14263835;1814;0.34;0.022927051;1.3;4;0.494;0.224;0.25;0.157
1916;1404;52;3103;71.14263835;1814;0.34;0.022927051;1.3;4;0.494;0.224;0.25;0.157
1917;1404;42;3103;71.14263835;1814;0.34;0.022927051;1.3;4;0.494;0.224;0.25;0.157
1918;1404;58;3103;71.14263835;1814;0.34;0.022927051;1.3;4;0.494;0.224;0.25;0.157
1913;1405;46;4086;149.5613088;2084;0.727;0.14641342;1.5;3.8;0.466;0.207;0.261;0.119
1914;1405;47;4086;149.5613088;2084;0.727;0.14641342;1.5;3.8;0.466;0.207;0.261;0.119
1915;1405;48;4086;149.5613088;2084;0.727;0.14641342;1.5;3.8;0.466;0.207;0.261;0.119
1916;1405;65;4086;149.5613088;2084;0.727;0.14641342;1.5;3.8;0.466;0.207;0.261;0.119
1917;1405;53;4086;149.5613088;2084;0.727;0.14641342;1.5;3.8;0.466;0.207;0.261;0.119
1918;1405;68;4086;149.5613088;2084;0.727;0.14641342;1.5;3.8;0.466;0.207;0.261;0.119
1913;1406;61;4060;97.36397821;1968;0.357;0.047962551;1.27;3.8;0.469;0.204;0.271;0.154
1914;1406;75;4060;97.36397821;1968;0.357;0.047962551;1.27;3.8;0.469;0.204;0.271;0.154
1915;1406;73;4060;97.36397821;1968;0.357;0.047962551;1.27;3.8;0.469;0.204;0.271;0.154
1916;1406;58;4060;97.36397821;1968;0.357;0.047962551;1.27;3.8;0.469;0.204;0.271;0.154
1917;1406;81;4060;97.36397821;1968;0.357;0.047962551;1.27;3.8;0.469;0.204;0.271;0.154
1918;1406;62;4060;97.36397821;1968;0.357;0.047962551;1.27;3.8;0.469;0.204;0.271;0.154
1913;1501;385;25527;187.7514035;2691;0.852;0.139745237;1.67;3.9;0.483;0.194;0.309;0.097
1914;1501;374;25527;187.7514035;2691;0.852;0.139745237;1.67;3.9;0.483;0.194;0.309;0.097
1915;1501;369;25527;187.7514035;2691;0.852;0.139745237;1.67;3.9;0.483;0.194;0.309;0.097
1916;1501;406;25527;187.7514035;2691;0.852;0.139745237;1.67;3.9;0.483;0.194;0.309;0.097
1917;1501;383;25527;187.7514035;2691;0.852;0.139745237;1.67;3.9;0.483;0.194;0.309;0.097
1918;1501;474;25527;187.7514035;2691;0.852;0.139745237;1.67;3.9;0.483;0.194;0.309;0.097
1913;1502;260;14515;240.5017149;2691;0.865;0.2153994;1.41;3.7;0.48;0.2;0.29;0.114
1914;1502;243;14515;240.5017149;2691;0.865;0.2153994;1.41;3.7;0.48;0.2;0.29;0.114
1915;1502;224;14515;240.5017149;2691;0.865;0.2153994;1.41;3.7;0.48;0.2;0.29;0.114
1916;1502;194;14515;240.5017149;2691;0.865;0.2153994;1.41;3.7;0.48;0.2;0.29;0.114
1917;1502;225;14515;240.5017149;2691;0.865;0.2153994;1.41;3.7;0.48;0.2;0.29;0.114
1918;1502;256;14515;240.5017149;2691;0.865;0.2153994;1.41;3.7;0.48;0.2;0.29;0.114
1913;1503;239;15836;341.3468067;2691;0.875;0.215551154;1.28;3.8;0.482;0.208;0.267;0.142
1914;1503;208;15836;341.3468067;2691;0.875;0.215551154;1.28;3.8;0.482;0.208;0.267;0.142
1915;1503;203;15836;341.3468067;2691;0.875;0.215551154;1.28;3.8;0.482;0.208;0.267;0.142
1916;1503;237;15836;341.3468067;2691;0.875;0.215551154;1.28;3.8;0.482;0.208;0.267;0.142
1917;1503;241;15836;341.3468067;2691;0.875;0.215551154;1.28;3.8;0.482;0.208;0.267;0.142
1918;1503;303;15836;341.3468067;2691;0.875;0.215551154;1.28;3.8;0.482;0.208;0.267;0.142
1913;1600;250;14623;84.72980388;2777;0.7;0.023177133;1.31;4.5;0.488;0.231;0.276;0.086
1914;1600;245;14623;84.72980388;2777;0.7;0.023177133;1.31;4.5;0.488;0.231;0.276;0.086
1915;1600;225;14623;84.72980388;2777;0.7;0.023177133;1.31;4.5;0.488;0.231;0.276;0.086
1916;1600;255;14623;84.72980388;2777;0.7;0.023177133;1.31;4.5;0.488;0.231;0.276;0.086
1917;1600;257;14623;84.72980388;2777;0.7;0.023177133;1.31;4.5;0.488;0.231;0.276;0.086
1918;1600;351;14623;84.72980388;2777;0.7;0.023177133;1.31;4.5;0.488;0.231;0.276;0.086
1913;1701;862;75881;1065.847673;3438;0.963;0.575898507;2.98;4;0.445;0.137;0.404;0.071
1914;1701;771;75881;1065.847673;3438;0.963;0.575898507;2.98;4;0.445;0.137;0.404;0.071
1915;1701;680;75881;1065.847673;3438;0.963;0.575898507;2.98;4;0.445;0.137;0.404;0.071
1916;1701;695;75881;1065.847673;3438;0.963;0.575898507;2.98;4;0.445;0.137;0.404;0.071
1917;1701;703;75881;1065.847673;3438;0.963;0.575898507;2.98;4;0.445;0.137;0.404;0.071
1918;1701;1121;75881;1065.847673;3438;0.963;0.575898507;2.98;4;0.445;0.137;0.404;0.071
1913;1702;367;24549;497.9856623;2179;0.887;0.344851369;2.11;4.2;0.481;0.199;0.339;0.066
1914;1702;315;24549;497.9856623;2179;0.887;0.344851369;2.11;4.2;0.481;0.199;0.339;0.066
1915;1702;267;24549;497.9856623;2179;0.887;0.344851369;2.11;4.2;0.481;0.199;0.339;0.066
1916;1702;263;24549;497.9856623;2179;0.887;0.344851369;2.11;4.2;0.481;0.199;0.339;0.066
1917;1702;290;24549;497.9856623;2179;0.887;0.344851369;2.11;4.2;0.481;0.199;0.339;0.066
1918;1702;375;24549;497.9856623;2179;0.887;0.344851369;2.11;4.2;0.481;0.199;0.339;0.066
1913;1703;335;21319;417.9646988;2422;0.81;0.215657943;1.44;4.2;0.482;0.216;0.308;0.075
1914;1703;299;21319;417.9646988;2422;0.81;0.215657943;1.44;4.2;0.482;0.216;0.308;0.075
1915;1703;268;21319;417.9646988;2422;0.81;0.215657943;1.44;4.2;0.482;0.216;0.308;0.075
1916;1703;264;21319;417.9646988;2422;0.81;0.215657943;1.44;4.2;0.482;0.216;0.308;0.075
1917;1703;346;21319;417.9646988;2422;0.81;0.215657943;1.44;4.2;0.482;0.216;0.308;0.075
1918;1703;376;21319;417.9646988;2422;0.81;0.215657943;1.44;4.2;0.482;0.216;0.308;0.075
1913;1704;335;19334;198.3822825;2242;0.669;0.071825591;1.21;4.3;0.47;0.213;0.271;0.094
1914;1704;271;19334;198.3822825;2242;0.669;0.071825591;1.21;4.3;0.47;0.213;0.271;0.094
1915;1704;296;19334;198.3822825;2242;0.669;0.071825591;1.21;4.3;0.47;0.213;0.271;0.094
1916;1704;363;19334;198.3822825;2242;0.669;0.071825591;1.21;4.3;0.47;0.213;0.271;0.094
1917;1704;344;19334;198.3822825;2242;0.669;0.071825591;1.21;4.3;0.47;0.213;0.271;0.094
1918;1704;418;19334;198.3822825;2242;0.669;0.071825591;1.21;4.3;0.47;0.213;0.271;0.094
1913;1705;280;19664;95.02629364;2397;0.619;0.038660006;1.22;4.4;0.497;0.21;0.294;0.104
1914;1705;288;19664;95.02629364;2397;0.619;0.038660006;1.22;4.4;0.497;0.21;0.294;0.104
1915;1705;280;19664;95.02629364;2397;0.619;0.038660006;1.22;4.4;0.497;0.21;0.294;0.104
1916;1705;244;19664;95.02629364;2397;0.619;0.038660006;1.22;4.4;0.497;0.21;0.294;0.104
1917;1705;292;19664;95.02629364;2397;0.619;0.038660006;1.22;4.4;0.497;0.21;0.294;0.104
1918;1705;376;19664;95.02629364;2397;0.619;0.038660006;1.22;4.4;0.497;0.21;0.294;0.104
1913;1706;367;21149;40.81629502;2009;0.66;0.019299397;1.31;4.5;0.491;0.207;0.291;0.103
1914;1706;292;21149;40.81629502;2009;0.66;0.019299397;1.31;4.5;0.491;0.207;0.291;0.103
1915;1706;325;21149;40.81629502;2009;0.66;0.019299397;1.31;4.5;0.491;0.207;0.291;0.103
1916;1706;323;21149;40.81629502;2009;0.66;0.019299397;1.31;4.5;0.491;0.207;0.291;0.103
1917;1706;318;21149;40.81629502;2009;0.66;0.019299397;1.31;4.5;0.491;0.207;0.291;0.103
1918;1706;423;21149;40.81629502;2009;0.66;0.019299397;1.31;4.5;0.491;0.207;0.291;0.103
1913;1707;126;8384;61.9386258;2256;0.647;0.022163153;1.22;4.5;0.494;0.231;0.268;0.095
1914;1707;110;8384;61.9386258;2256;0.647;0.022163153;1.22;4.5;0.494;0.231;0.268;0.095
1915;1707;120;8384;61.9386258;2256;0.647;0.022163153;1.22;4.5;0.494;0.231;0.268;0.095
1916;1707;136;8384;61.9386258;2256;0.647;0.022163153;1.22;4.5;0.494;0.231;0.268;0.095
1917;1707;114;8384;61.9386258;2256;0.647;0.022163153;1.22;4.5;0.494;0.231;0.268;0.095
1918;1707;157;8384;61.9386258;2256;0.647;0.022163153;1.22;4.5;0.494;0.231;0.268;0.095
1913;1708;212;16411;147.8617662;2390;0.753;0.108119017;1.52;4.3;0.488;0.196;0.301;0.098
1914;1708;230;16411;147.8617662;2390;0.753;0.108119017;1.52;4.3;0.488;0.196;0.301;0.098
1915;1708;252;16411;147.8617662;2390;0.753;0.108119017;1.52;4.3;0.488;0.196;0.301;0.098
1916;1708;268;16411;147.8617662;2390;0.753;0.108119017;1.52;4.3;0.488;0.196;0.301;0.098
1917;1708;242;16411;147.8617662;2390;0.753;0.108119017;1.52;4.3;0.488;0.196;0.301;0.098
1918;1708;363;16411;147.8617662;2390;0.753;0.108119017;1.52;4.3;0.488;0.196;0.301;0.098
1913;1709;160;11659;52.13212289;2611;0.672;0.026828436;1.23;4;0.498;0.199;0.288;0.114
1914;1709;151;11659;52.13212289;2611;0.672;0.026828436;1.23;4;0.498;0.199;0.288;0.114
1915;1709;178;11659;52.13212289;2611;0.672;0.026828436;1.23;4;0.498;0.199;0.288;0.114
1916;1709;154;11659;52.13212289;2611;0.672;0.026828436;1.23;4;0.498;0.199;0.288;0.114
1917;1709;182;11659;52.13212289;2611;0.672;0.026828436;1.23;4;0.498;0.199;0.288;0.114
1918;1709;221;11659;52.13212289;2611;0.672;0.026828436;1.23;4;0.498;0.199;0.288;0.114
1913;1710;151;12118;117.6041289;2551;0.759;0.058229475;1.46;4;0.497;0.202;0.298;0.1
1914;1710;163;12118;117.6041289;2551;0.759;0.058229475;1.46;4;0.497;0.202;0.298;0.1
1915;1710;159;12118;117.6041289;2551;0.759;0.058229475;1.46;4;0.497;0.202;0.298;0.1
1916;1710;153;12118;117.6041289;2551;0.759;0.058229475;1.46;4;0.497;0.202;0.298;0.1
1917;1710;186;12118;117.6041289;2551;0.759;0.058229475;1.46;4;0.497;0.202;0.298;0.1
1918;1710;231;12118;117.6041289;2551;0.759;0.058229475;1.46;4;0.497;0.202;0.298;0.1
1913;1711;201;12724;105.0338487;2185;0.663;0.033019129;1.2;4.6;0.499;0.228;0.278;0.09
1914;1711;223;12724;105.0338487;2185;0.663;0.033019129;1.2;4.6;0.499;0.228;0.278;0.09
1915;1711;197;12724;105.0338487;2185;0.663;0.033019129;1.2;4.6;0.499;0.228;0.278;0.09
1916;1711;191;12724;105.0338487;2185;0.663;0.033019129;1.2;4.6;0.499;0.228;0.278;0.09
1917;1711;191;12724;105.0338487;2185;0.663;0.033019129;1.2;4.6;0.499;0.228;0.278;0.09
1918;1711;283;12724;105.0338487;2185;0.663;0.033019129;1.2;4.6;0.499;0.228;0.278;0.09
1913;1712;342;24892;233.5542334;2471;0.846;0.140740539;1.49;4.4;0.491;0.197;0.304;0.086
1914;1712;325;24892;233.5542334;2471;0.846;0.140740539;1.49;4.4;0.491;0.197;0.304;0.086
1915;1712;281;24892;233.5542334;2471;0.846;0.140740539;1.49;4.4;0.491;0.197;0.304;0.086
1916;1712;351;24892;233.5542334;2471;0.846;0.140740539;1.49;4.4;0.491;0.197;0.304;0.086
1917;1712;363;24892;233.5542334;2471;0.846;0.140740539;1.49;4.4;0.491;0.197;0.304;0.086
1918;1712;408;24892;233.5542334;2471;0.846;0.140740539;1.49;4.4;0.491;0.197;0.304;0.086
1913;1713;282;14229;178.4046271;2281;0.741;0.075228601;1.44;4.5;0.492;0.194;0.303;0.102
1914;1713;242;14229;178.4046271;2281;0.741;0.075228601;1.44;4.5;0.492;0.194;0.303;0.102
1915;1713;246;14229;178.4046271;2281;0.741;0.075228601;1.44;4.5;0.492;0.194;0.303;0.102
1916;1713;232;14229;178.4046271;2281;0.741;0.075228601;1.44;4.5;0.492;0.194;0.303;0.102
1917;1713;306;14229;178.4046271;2281;0.741;0.075228601;1.44;4.5;0.492;0.194;0.303;0.102
1918;1713;387;14229;178.4046271;2281;0.741;0.075228601;1.44;4.5;0.492;0.194;0.303;0.102
1913;1714;412;14701;189.1550747;1704;0.761;0.141534986;1.57;4.4;0.486;0.2;0.336;0.062
1914;1714;377;14701;189.1550747;1704;0.761;0.141534986;1.57;4.4;0.486;0.2;0.336;0.062
1915;1714;354;14701;189.1550747;1704;0.761;0.141534986;1.57;4.4;0.486;0.2;0.336;0.062
1916;1714;369;14701;189.1550747;1704;0.761;0.141534986;1.57;4.4;0.486;0.2;0.336;0.062
1917;1714;350;14701;189.1550747;1704;0.761;0.141534986;1.57;4.4;0.486;0.2;0.336;0.062
1918;1714;268;14701;189.1550747;1704;0.761;0.141534986;1.57;4.4;0.486;0.2;0.336;0.062
1913;1801;125;6507;8.912751192;1649;0.372;0.00547887;1.15;4.1;0.494;0.192;0.278;0.139
1914;1801;118;6507;8.912751192;1649;0.372;0.00547887;1.15;4.1;0.494;0.192;0.278;0.139
1915;1801;118;6507;8.912751192;1649;0.372;0.00547887;1.15;4.1;0.494;0.192;0.278;0.139
1916;1801;121;6507;8.912751192;1649;0.372;0.00547887;1.15;4.1;0.494;0.192;0.278;0.139
1917;1801;126;6507;8.912751192;1649;0.372;0.00547887;1.15;4.1;0.494;0.192;0.278;0.139
1918;1801;182;6507;8.912751192;1649;0.372;0.00547887;1.15;4.1;0.494;0.192;0.278;0.139
1913;1802;72;4974;21.07884352;1670;0.423;0.012713416;1.4;4.3;0.485;0.198;0.288;0.106
1914;1802;75;4974;21.07884352;1670;0.423;0.012713416;1.4;4.3;0.485;0.198;0.288;0.106
1915;1802;94;4974;21.07884352;1670;0.423;0.012713416;1.4;4.3;0.485;0.198;0.288;0.106
1916;1802;82;4974;21.07884352;1670;0.423;0.012713416;1.4;4.3;0.485;0.198;0.288;0.106
1917;1802;63;4974;21.07884352;1670;0.423;0.012713416;1.4;4.3;0.485;0.198;0.288;0.106
1918;1802;129;4974;21.07884352;1670;0.423;0.012713416;1.4;4.3;0.485;0.198;0.288;0.106
1913;1803;184;11448;16.49242628;1865;0.342;0.005762553;1.29;4.5;0.498;0.21;0.267;0.128
1914;1803;175;11448;16.49242628;1865;0.342;0.005762553;1.29;4.5;0.498;0.21;0.267;0.128
1915;1803;191;11448;16.49242628;1865;0.342;0.005762553;1.29;4.5;0.498;0.21;0.267;0.128
1916;1803;177;11448;16.49242628;1865;0.342;0.005762553;1.29;4.5;0.498;0.21;0.267;0.128
1917;1803;225;11448;16.49242628;1865;0.342;0.005762553;1.29;4.5;0.498;0.21;0.267;0.128
1918;1803;271;11448;16.49242628;1865;0.342;0.005762553;1.29;4.5;0.498;0.21;0.267;0.128
1913;1804;94;6713;25.67054892;2039;0.436;0.007648011;1.33;4.1;0.509;0.178;0.301;0.123
1914;1804;115;6713;25.67054892;2039;0.436;0.007648011;1.33;4.1;0.509;0.178;0.301;0.123
1915;1804;125;6713;25.67054892;2039;0.436;0.007648011;1.33;4.1;0.509;0.178;0.301;0.123
1916;1804;105;6713;25.67054892;2039;0.436;0.007648011;1.33;4.1;0.509;0.178;0.301;0.123
1917;1804;112;6713;25.67054892;2039;0.436;0.007648011;1.33;4.1;0.509;0.178;0.301;0.123
1918;1804;144;6713;25.67054892;2039;0.436;0.007648011;1.33;4.1;0.509;0.178;0.301;0.123
1913;1805;42;2565;1.682364361;1943;0.294;0.001311785;1.2;3.9;0.48;0.199;0.255;0.126
1914;1805;35;2565;1.682364361;1943;0.294;0.001311785;1.2;3.9;0.48;0.199;0.255;0.126
1915;1805;52;2565;1.682364361;1943;0.294;0.001311785;1.2;3.9;0.48;0.199;0.255;0.126
1916;1805;40;2565;1.682364361;1943;0.294;0.001311785;1.2;3.9;0.48;0.199;0.255;0.126
1917;1805;40;2565;1.682364361;1943;0.294;0.001311785;1.2;3.9;0.48;0.199;0.255;0.126
1918;1805;46;2565;1.682364361;1943;0.294;0.001311785;1.2;3.9;0.48;0.199;0.255;0.126
1913;1806;87;6028;29.39400943;1731;0.578;0.024381229;1.41;4.1;0.5;0.193;0.238;0.227
1914;1806;105;6028;29.39400943;1731;0.578;0.024381229;1.41;4.1;0.5;0.193;0.238;0.227
1915;1806;109;6028;29.39400943;1731;0.578;0.024381229;1.41;4.1;0.5;0.193;0.238;0.227
1916;1806;113;6028;29.39400943;1731;0.578;0.024381229;1.41;4.1;0.5;0.193;0.238;0.227
1917;1806;96;6028;29.39400943;1731;0.578;0.024381229;1.41;4.1;0.5;0.193;0.238;0.227
1918;1806;113;6028;29.39400943;1731;0.578;0.024381229;1.41;4.1;0.5;0.193;0.238;0.227
1913;1807;122;7044;6.995800335;1487;0.406;0.004965787;1.11;4.1;0.549;0.179;0.338;0.096
1914;1807;118;7044;6.995800335;1487;0.406;0.004965787;1.11;4.1;0.549;0.179;0.338;0.096
1915;1807;115;7044;6.995800335;1487;0.406;0.004965787;1.11;4.1;0.549;0.179;0.338;0.096
1916;1807;115;7044;6.995800335;1487;0.406;0.004965787;1.11;4.1;0.549;0.179;0.338;0.096
1917;1807;91;7044;6.995800335;1487;0.406;0.004965787;1.11;4.1;0.549;0.179;0.338;0.096
1918;1807;162;7044;6.995800335;1487;0.406;0.004965787;1.11;4.1;0.549;0.179;0.338;0.096
1913;1808;116;9781;10.11611659;2165;0.776;0.017582454;1.5;4.4;0.529;0.081;0.669;0.038
1914;1808;114;9781;10.11611659;2165;0.776;0.017582454;1.5;4.4;0.529;0.081;0.669;0.038
1915;1808;0;9781;10.11611659;2165;0.776;0.017582454;1.5;4.4;0.529;0.081;0.669;0.038
1916;1808;88;9781;10.11611659;2165;0.776;0.017582454;1.5;4.4;0.529;0.081;0.669;0.038
1917;1808;91;9781;10.11611659;2165;0.776;0.017582454;1.5;4.4;0.529;0.081;0.669;0.038
1918;1808;150;9781;10.11611659;2165;0.776;0.017582454;1.5;4.4;0.529;0.081;0.669;0.038
1913;1809;141;6192;12.53020747;1686;0.354;0.004047225;1.12;3.9;0.459;0.202;0.248;0.141
1914;1809;125;6192;12.53020747;1686;0.354;0.004047225;1.12;3.9;0.459;0.202;0.248;0.141
1915;1809;102;6192;12.53020747;1686;0.354;0.004047225;1.12;3.9;0.459;0.202;0.248;0.141
1916;1809;149;6192;12.53020747;1686;0.354;0.004047225;1.12;3.9;0.459;0.202;0.248;0.141
1917;1809;129;6192;12.53020747;1686;0.354;0.004047225;1.12;3.9;0.459;0.202;0.248;0.141
1918;1809;116;6192;12.53020747;1686;0.354;0.004047225;1.12;3.9;0.459;0.202;0.248;0.141
1913;1810;31;1577;8.286510433;1671;0.317;0.005254604;1.13;4.1;0.47;0.185;0.302;0.124
1914;1810;26;1577;8.286510433;1671;0.317;0.005254604;1.13;4.1;0.47;0.185;0.302;0.124
1915;1810;26;1577;8.286510433;1671;0.317;0.005254604;1.13;4.1;0.47;0.185;0.302;0.124
1916;1810;38;1577;8.286510433;1671;0.317;0.005254604;1.13;4.1;0.47;0.185;0.302;0.124
1917;1810;22;1577;8.286510433;1671;0.317;0.005254604;1.13;4.1;0.47;0.185;0.302;0.124
1918;1810;24;1577;8.286510433;1671;0.317;0.005254604;1.13;4.1;0.47;0.185;0.302;0.124
1913;1811;206;16021;24.00109541;2554;0.71;0.050935475;1.54;4.5;0.491;0.152;0.429;0.064
1914;1811;217;16021;24.00109541;2554;0.71;0.050935475;1.54;4.5;0.491;0.152;0.429;0.064
1915;1811;194;16021;24.00109541;2554;0.71;0.050935475;1.54;4.5;0.491;0.152;0.429;0.064
1916;1811;159;16021;24.00109541;2554;0.71;0.050935475;1.54;4.5;0.491;0.152;0.429;0.064
1917;1811;219;16021;24.00109541;2554;0.71;0.050935475;1.54;4.5;0.491;0.152;0.429;0.064
1918;1811;362;16021;24.00109541;2554;0.71;0.050935475;1.54;4.5;0.491;0.152;0.429;0.064
1913;1812;277;20303;77.02036679;2585;0.86;0.098632199;2.09;4.3;0.498;0.17;0.354;0.078
1914;1812;272;20303;77.02036679;2585;0.86;0.098632199;2.09;4.3;0.498;0.17;0.354;0.078
1915;1812;300;20303;77.02036679;2585;0.86;0.098632199;2.09;4.3;0.498;0.17;0.354;0.078
1916;1812;262;20303;77.02036679;2585;0.86;0.098632199;2.09;4.3;0.498;0.17;0.354;0.078
1917;1812;306;20303;77.02036679;2585;0.86;0.098632199;2.09;4.3;0.498;0.17;0.354;0.078
1918;1812;429;20303;77.02036679;2585;0.86;0.098632199;2.09;4.3;0.498;0.17;0.354;0.078
1913;1813;189;13108;38.04276532;2127;0.454;0.017413533;1.35;4.2;0.522;0.198;0.292;0.111
1914;1813;217;13108;38.04276532;2127;0.454;0.017413533;1.35;4.2;0.522;0.198;0.292;0.111
1915;1813;20;13108;38.04276532;2127;0.454;0.017413533;1.35;4.2;0.522;0.198;0.292;0.111
1916;1813;189;13108;38.04276532;2127;0.454;0.017413533;1.35;4.2;0.522;0.198;0.292;0.111
1917;1813;205;13108;38.04276532;2127;0.454;0.017413533;1.35;4.2;0.522;0.198;0.292;0.111
1918;1813;302;13108;38.04276532;2127;0.454;0.017413533;1.35;4.2;0.522;0.198;0.292;0.111
1913;1814;118;7036;14.83057189;1881;0.357;0.006323439;1.35;4.8;0.512;0.232;0.259;0.12
1914;1814;118;7036;14.83057189;1881;0.357;0.006323439;1.35;4.8;0.512;0.232;0.259;0.12
1915;1814;121;7036;14.83057189;1881;0.357;0.006323439;1.35;4.8;0.512;0.232;0.259;0.12
1916;1814;139;7036;14.83057189;1881;0.357;0.006323439;1.35;4.8;0.512;0.232;0.259;0.12
1917;1814;107;7036;14.83057189;1881;0.357;0.006323439;1.35;4.8;0.512;0.232;0.259;0.12
1918;1814;184;7036;14.83057189;1881;0.357;0.006323439;1.35;4.8;0.512;0.232;0.259;0.12
1913;1901;371;28948;277.0835587;2703;0.89;0.124432992;1.7;4.5;0.49;0.213;0.308;0.084
1914;1901;347;28948;277.0835587;2703;0.89;0.124432992;1.7;4.5;0.49;0.213;0.308;0.084
1915;1901;352;28948;277.0835587;2703;0.89;0.124432992;1.7;4.5;0.49;0.213;0.308;0.084
1916;1901;328;28948;277.0835587;2703;0.89;0.124432992;1.7;4.5;0.49;0.213;0.308;0.084
1917;1901;358;28948;277.0835587;2703;0.89;0.124432992;1.7;4.5;0.49;0.213;0.308;0.084
1918;1901;512;28948;277.0835587;2703;0.89;0.124432992;1.7;4.5;0.49;0.213;0.308;0.084
1913;1902;468;38340;251.574473;2456;0.808;0.098425068;1.81;4.8;0.508;0.219;0.319;0.075
1914;1902;482;38340;251.574473;2456;0.808;0.098425068;1.81;4.8;0.508;0.219;0.319;0.075
1915;1902;400;38340;251.574473;2456;0.808;0.098425068;1.81;4.8;0.508;0.219;0.319;0.075
1916;1902;459;38340;251.574473;2456;0.808;0.098425068;1.81;4.8;0.508;0.219;0.319;0.075
1917;1902;427;38340;251.574473;2456;0.808;0.098425068;1.81;4.8;0.508;0.219;0.319;0.075
1918;1902;648;38340;251.574473;2456;0.808;0.098425068;1.81;4.8;0.508;0.219;0.319;0.075
1913;1903;327;21108;179.4039078;2297;0.714;0.093492656;1.51;4.5;0.481;0.237;0.263;0.103
1914;1903;328;21108;179.4039078;2297;0.714;0.093492656;1.51;4.5;0.481;0.237;0.263;0.103
1915;1903;305;21108;179.4039078;2297;0.714;0.093492656;1.51;4.5;0.481;0.237;0.263;0.103
1916;1903;335;21108;179.4039078;2297;0.714;0.093492656;1.51;4.5;0.481;0.237;0.263;0.103
1917;1903;332;21108;179.4039078;2297;0.714;0.093492656;1.51;4.5;0.481;0.237;0.263;0.103
1918;1903;404;21108;179.4039078;2297;0.714;0.093492656;1.51;4.5;0.481;0.237;0.263;0.103
1913;1904;318;20232;135.6293067;2168;0.634;0.040222214;1.44;4.5;0.501;0.211;0.287;0.105
1914;1904;284;20232;135.6293067;2168;0.634;0.040222214;1.44;4.5;0.501;0.211;0.287;0.105
1915;1904;295;20232;135.6293067;2168;0.634;0.040222214;1.44;4.5;0.501;0.211;0.287;0.105
1916;1904;257;20232;135.6293067;2168;0.634;0.040222214;1.44;4.5;0.501;0.211;0.287;0.105
1917;1904;344;20232;135.6293067;2168;0.634;0.040222214;1.44;4.5;0.501;0.211;0.287;0.105
1918;1904;391;20232;135.6293067;2168;0.634;0.040222214;1.44;4.5;0.501;0.211;0.287;0.105
1913;1905;296;21440;219.9865587;4463;0.755;0.082084537;1.51;4.4;0.478;0.227;0.271;0.108
1914;1905;283;21440;219.9865587;4463;0.755;0.082084537;1.51;4.4;0.478;0.227;0.271;0.108
1915;1905;279;21440;219.9865587;4463;0.755;0.082084537;1.51;4.4;0.478;0.227;0.271;0.108
1916;1905;302;21440;219.9865587;4463;0.755;0.082084537;1.51;4.4;0.478;0.227;0.271;0.108
1917;1905;280;21440;219.9865587;4463;0.755;0.082084537;1.51;4.4;0.478;0.227;0.271;0.108
1918;1905;396;21440;219.9865587;4463;0.755;0.082084537;1.51;4.4;0.478;0.227;0.271;0.108
1913;1906;231;14373;94.00230869;1906;0.475;0.026160804;1.26;4.5;0.507;0.213;0.277;0.108
1914;1906;222;14373;94.00230869;1906;0.475;0.026160804;1.26;4.5;0.507;0.213;0.277;0.108
1915;1906;219;14373;94.00230869;1906;0.475;0.026160804;1.26;4.5;0.507;0.213;0.277;0.108
1916;1906;199;14373;94.00230869;1906;0.475;0.026160804;1.26;4.5;0.507;0.213;0.277;0.108
1917;1906;208;14373;94.00230869;1906;0.475;0.026160804;1.26;4.5;0.507;0.213;0.277;0.108
1918;1906;282;14373;94.00230869;1906;0.475;0.026160804;1.26;4.5;0.507;0.213;0.277;0.108
1913;1907;317;21028;214.7081407;2296;0.777;0.081684665;1.55;4.3;0.489;0.226;0.281;0.097
1914;1907;264;21028;214.7081407;2296;0.777;0.081684665;1.55;4.3;0.489;0.226;0.281;0.097
1915;1907;255;21028;214.7081407;2296;0.777;0.081684665;1.55;4.3;0.489;0.226;0.281;0.097
1916;1907;251;21028;214.7081407;2296;0.777;0.081684665;1.55;4.3;0.489;0.226;0.281;0.097
1917;1907;310;21028;214.7081407;2296;0.777;0.081684665;1.55;4.3;0.489;0.226;0.281;0.097
1918;1907;371;21028;214.7081407;2296;0.777;0.081684665;1.55;4.3;0.489;0.226;0.281;0.097
1913;1908;285;14401;103.5514978;1793;0.487;0.043143461;1.27;5;0.496;0.225;0.264;0.12
1914;1908;265;14401;103.5514978;1793;0.487;0.043143461;1.27;5;0.496;0.225;0.264;0.12
1915;1908;253;14401;103.5514978;1793;0.487;0.043143461;1.27;5;0.496;0.225;0.264;0.12
1916;1908;258;14401;103.5514978;1793;0.487;0.043143461;1.27;5;0.496;0.225;0.264;0.12
1917;1908;303;14401;103.5514978;1793;0.487;0.043143461;1.27;5;0.496;0.225;0.264;0.12
1918;1908;425;14401;103.5514978;1793;0.487;0.043143461;1.27;5;0.496;0.225;0.264;0.12
1913;1909;220;13771;122.9520638;2241;0.648;0.08035499;1.52;4.3;0.495;0.213;0.308;0.093
1914;1909;205;13771;122.9520638;2241;0.648;0.08035499;1.52;4.3;0.495;0.213;0.308;0.093
1915;1909;173;13771;122.9520638;2241;0.648;0.08035499;1.52;4.3;0.495;0.213;0.308;0.093
1916;1909;207;13771;122.9520638;2241;0.648;0.08035499;1.52;4.3;0.495;0.213;0.308;0.093
1917;1909;189;13771;122.9520638;2241;0.648;0.08035499;1.52;4.3;0.495;0.213;0.308;0.093
1918;1909;257;13771;122.9520638;2241;0.648;0.08035499;1.52;4.3;0.495;0.213;0.308;0.093
1913;1910;469;31062;218.9075764;2240;0.808;0.077521838;1.66;4.6;0.481;0.243;0.267;0.093
1914;1910;371;31062;218.9075764;2240;0.808;0.077521838;1.66;4.6;0.481;0.243;0.267;0.093
1915;1910;357;31062;218.9075764;2240;0.808;0.077521838;1.66;4.6;0.481;0.243;0.267;0.093
1916;1910;381;31062;218.9075764;2240;0.808;0.077521838;1.66;4.6;0.481;0.243;0.267;0.093
1917;1910;384;31062;218.9075764;2240;0.808;0.077521838;1.66;4.6;0.481;0.243;0.267;0.093
1918;1910;541;31062;218.9075764;2240;0.808;0.077521838;1.66;4.6;0.481;0.243;0.267;0.093
1913;1911;228;14044;108.0985387;2063;0.551;0.061577066;1.34;4.7;0.501;0.217;0.262;0.124
1914;1911;213;14044;108.0985387;2063;0.551;0.061577066;1.34;4.7;0.501;0.217;0.262;0.124
1915;1911;234;14044;108.0985387;2063;0.551;0.061577066;1.34;4.7;0.501;0.217;0.262;0.124
1916;1911;200;14044;108.0985387;2063;0.551;0.061577066;1.34;4.7;0.501;0.217;0.262;0.124
1917;1911;213;14044;108.0985387;2063;0.551;0.061577066;1.34;4.7;0.501;0.217;0.262;0.124
1918;1911;306;14044;108.0985387;2063;0.551;0.061577066;1.34;4.7;0.501;0.217;0.262;0.124
1913;2001;353;25601;343.3113229;2589;0.843;0.147510822;1.77;4.2;0.499;0.192;0.345;0.073
1914;2001;313;25601;343.3113229;2589;0.843;0.147510822;1.77;4.2;0.499;0.192;0.345;0.073
1915;2001;315;25601;343.3113229;2589;0.843;0.147510822;1.77;4.2;0.499;0.192;0.345;0.073
1916;2001;314;25601;343.3113229;2589;0.843;0.147510822;1.77;4.2;0.499;0.192;0.345;0.073
1917;2001;306;25601;343.3113229;2589;0.843;0.147510822;1.77;4.2;0.499;0.192;0.345;0.073
1918;2001;425;25601;343.3113229;2589;0.843;0.147510822;1.77;4.2;0.499;0.192;0.345;0.073
1913;2002;230;19240;219.0695238;2721;0.775;0.125247649;1.55;4.2;0.485;0.191;0.318;0.085
1914;2002;218;19240;219.0695238;2721;0.775;0.125247649;1.55;4.2;0.485;0.191;0.318;0.085
1915;2002;204;19240;219.0695238;2721;0.775;0.125247649;1.55;4.2;0.485;0.191;0.318;0.085
1916;2002;218;19240;219.0695238;2721;0.775;0.125247649;1.55;4.2;0.485;0.191;0.318;0.085
1917;2002;224;19240;219.0695238;2721;0.775;0.125247649;1.55;4.2;0.485;0.191;0.318;0.085
1918;2002;303;19240;219.0695238;2721;0.775;0.125247649;1.55;4.2;0.485;0.191;0.318;0.085
1913;2003;105;4603;109.9531093;1873;0.585;0.071661814;1.39;4.4;0.521;0.185;0.277;0.143
1914;2003;95;4603;109.9531093;1873;0.585;0.071661814;1.39;4.4;0.521;0.185;0.277;0.143
1915;2003;89;4603;109.9531093;1873;0.585;0.071661814;1.39;4.4;0.521;0.185;0.277;0.143
1916;2003;103;4603;109.9531093;1873;0.585;0.071661814;1.39;4.4;0.521;0.185;0.277;0.143
1917;2003;117;4603;109.9531093;1873;0.585;0.071661814;1.39;4.4;0.521;0.185;0.277;0.143
1918;2003;171;4603;109.9531093;1873;0.585;0.071661814;1.39;4.4;0.521;0.185;0.277;0.143
1913;2004;244;19178;144.5507793;2468;0.69;0.060298584;1.52;4.3;0.502;0.199;0.299;0.095
1914;2004;219;19178;144.5507793;2468;0.69;0.060298584;1.52;4.3;0.502;0.199;0.299;0.095
1915;2004;233;19178;144.5507793;2468;0.69;0.060298584;1.52;4.3;0.502;0.199;0.299;0.095
1916;2004;231;19178;144.5507793;2468;0.69;0.060298584;1.52;4.3;0.502;0.199;0.299;0.095
1917;2004;248;19178;144.5507793;2468;0.69;0.060298584;1.52;4.3;0.502;0.199;0.299;0.095
1918;2004;335;19178;144.5507793;2468;0.69;0.060298584;1.52;4.3;0.502;0.199;0.299;0.095
1913;2005;298;20220;189.8448943;2327;0.739;0.103278627;1.48;4.1;0.498;0.186;0.313;0.094
1914;2005;293;20220;189.8448943;2327;0.739;0.103278627;1.48;4.1;0.498;0.186;0.313;0.094
1915;2005;255;20220;189.8448943;2327;0.739;0.103278627;1.48;4.1;0.498;0.186;0.313;0.094
1916;2005;228;20220;189.8448943;2327;0.739;0.103278627;1.48;4.1;0.498;0.186;0.313;0.094
1917;2005;275;20220;189.8448943;2327;0.739;0.103278627;1.48;4.1;0.498;0.186;0.313;0.094
1918;2005;362;20220;189.8448943;2327;0.739;0.103278627;1.48;4.1;0.498;0.186;0.313;0.094
1913;2006;308;19676;125.6206494;2257;0.634;0.038306764;1.22;4.6;0.501;0.225;0.283;0.091
1914;2006;267;19676;125.6206494;2257;0.634;0.038306764;1.22;4.6;0.501;0.225;0.283;0.091
1915;2006;303;19676;125.6206494;2257;0.634;0.038306764;1.22;4.6;0.501;0.225;0.283;0.091
1916;2006;272;19676;125.6206494;2257;0.634;0.038306764;1.22;4.6;0.501;0.225;0.283;0.091
1917;2006;289;19676;125.6206494;2257;0.634;0.038306764;1.22;4.6;0.501;0.225;0.283;0.091
1918;2006;412;19676;125.6206494;2257;0.634;0.038306764;1.22;4.6;0.501;0.225;0.283;0.091
1913;2007;160;12292;88.57260619;2173;0.54;0.036028558;1.27;4.4;0.508;0.207;0.276;0.109
1914;2007;164;12292;88.57260619;2173;0.54;0.036028558;1.27;4.4;0.508;0.207;0.276;0.109
1915;2007;144;12292;88.57260619;2173;0.54;0.036028558;1.27;4.4;0.508;0.207;0.276;0.109
1916;2007;164;12292;88.57260619;2173;0.54;0.036028558;1.27;4.4;0.508;0.207;0.276;0.109
1917;2007;166;12292;88.57260619;2173;0.54;0.036028558;1.27;4.4;0.508;0.207;0.276;0.109
1918;2007;237;12292;88.57260619;2173;0.54;0.036028558;1.27;4.4;0.508;0.207;0.276;0.109
1913;2008;223;14919;120.5616675;2573;0.612;0.048486494;1.31;4.1;0.493;0.194;0.287;0.099
1914;2008;227;14919;120.5616675;2573;0.612;0.048486494;1.31;4.1;0.493;0.194;0.287;0.099
1915;2008;207;14919;120.5616675;2573;0.612;0.048486494;1.31;4.1;0.493;0.194;0.287;0.099
1916;2008;217;14919;120.5616675;2573;0.612;0.048486494;1.31;4.1;0.493;0.194;0.287;0.099
1917;2008;219;14919;120.5616675;2573;0.612;0.048486494;1.31;4.1;0.493;0.194;0.287;0.099
1918;2008;294;14919;120.5616675;2573;0.612;0.048486494;1.31;4.1;0.493;0.194;0.287;0.099
1913;2101;373;21133;99.67051615;2098;0.628;0.051879794;1.49;4.4;0.491;0.216;0.306;0.086
1914;2101;362;21133;99.67051615;2098;0.628;0.051879794;1.49;4.4;0.491;0.216;0.306;0.086
1915;2101;341;21133;99.67051615;2098;0.628;0.051879794;1.49;4.4;0.491;0.216;0.306;0.086
1916;2101;315;21133;99.67051615;2098;0.628;0.051879794;1.49;4.4;0.491;0.216;0.306;0.086
1917;2101;259;21133;99.67051615;2098;0.628;0.051879794;1.49;4.4;0.491;0.216;0.306;0.086
1918;2101;469;21133;99.67051615;2098;0.628;0.051879794;1.49;4.4;0.491;0.216;0.306;0.086
1913;2102;104;6289;17.51632494;1401;0.225;0.013926161;1.17;4;0.409;0.2;0.249;0.158
1914;2102;117;6289;17.51632494;1401;0.225;0.013926161;1.17;4;0.409;0.2;0.249;0.158
1915;2102;142;6289;17.51632494;1401;0.225;0.013926161;1.17;4;0.409;0.2;0.249;0.158
1916;2102;127;6289;17.51632494;1401;0.225;0.013926161;1.17;4;0.409;0.2;0.249;0.158
1917;2102;116;6289;17.51632494;1401;0.225;0.013926161;1.17;4;0.409;0.2;0.249;0.158
1918;2102;146;6289;17.51632494;1401;0.225;0.013926161;1.17;4;0.409;0.2;0.249;0.158
1913;2103;179;9932;20.21651949;1962;0.492;0.014248453;1.23;4;0.473;0.21;0.279;0.132
1914;2103;177;9932;20.21651949;1962;0.492;0.014248453;1.23;4;0.473;0.21;0.279;0.132
1915;2103;187;9932;20.21651949;1962;0.492;0.014248453;1.23;4;0.473;0.21;0.279;0.132
1916;2103;178;9932;20.21651949;1962;0.492;0.014248453;1.23;4;0.473;0.21;0.279;0.132
1917;2103;172;9932;20.21651949;1962;0.492;0.014248453;1.23;4;0.473;0.21;0.279;0.132
1918;2103;249;9932;20.21651949;1962;0.492;0.014248453;1.23;4;0.473;0.21;0.279;0.132
1913;2104;497;25722;46.69067455;2269;0.539;0.043564893;1.13;3.6;0.436;0.188;0.277;0.137
1914;2104;493;25722;46.69067455;2269;0.539;0.043564893;1.13;3.6;0.436;0.188;0.277;0.137
1915;2104;452;25722;46.69067455;2269;0.539;0.043564893;1.13;3.6;0.436;0.188;0.277;0.137
1916;2104;468;25722;46.69067455;2269;0.539;0.043564893;1.13;3.6;0.436;0.188;0.277;0.137
1917;2104;475;25722;46.69067455;2269;0.539;0.043564893;1.13;3.6;0.436;0.188;0.277;0.137
1918;2104;564;25722;46.69067455;2269;0.539;0.043564893;1.13;3.6;0.436;0.188;0.277;0.137
1913;2105;995;52159;172.9337567;2317;0.694;0.152513522;1.45;3.9;0.475;0.201;0.305;0.103
1914;2105;979;52159;172.9337567;2317;0.694;0.152513522;1.45;3.9;0.475;0.201;0.305;0.103
1915;2105;905;52159;172.9337567;2317;0.694;0.152513522;1.45;3.9;0.475;0.201;0.305;0.103
1916;2105;794;52159;172.9337567;2317;0.694;0.152513522;1.45;3.9;0.475;0.201;0.305;0.103
1917;2105;743;52159;172.9337567;2317;0.694;0.152513522;1.45;3.9;0.475;0.201;0.305;0.103
1918;2105;1073;52159;172.9337567;2317;0.694;0.152513522;1.45;3.9;0.475;0.201;0.305;0.103
1913;2106;520;27141;265.1816779;2995;0.778;0.195410396;1.76;4.1;0.475;0.202;0.308;0.096
1914;2106;501;27141;265.1816779;2995;0.778;0.195410396;1.76;4.1;0.475;0.202;0.308;0.096
1915;2106;529;27141;265.1816779;2995;0.778;0.195410396;1.76;4.1;0.475;0.202;0.308;0.096
1916;2106;450;27141;265.1816779;2995;0.778;0.195410396;1.76;4.1;0.475;0.202;0.308;0.096
1917;2106;458;27141;265.1816779;2995;0.778;0.195410396;1.76;4.1;0.475;0.202;0.308;0.096
1918;2106;705;27141;265.1816779;2995;0.778;0.195410396;1.76;4.1;0.475;0.202;0.308;0.096
1913;2107;125;6225;37.20038007;1974;0.546;0.011951929;1.3;4.2;0.486;0.225;0.29;0.092
1914;2107;106;6225;37.20038007;1974;0.546;0.011951929;1.3;4.2;0.486;0.225;0.29;0.092
1915;2107;108;6225;37.20038007;1974;0.546;0.011951929;1.3;4.2;0.486;0.225;0.29;0.092
1916;2107;96;6225;37.20038007;1974;0.546;0.011951929;1.3;4.2;0.486;0.225;0.29;0.092
1917;2107;83;6225;37.20038007;1974;0.546;0.011951929;1.3;4.2;0.486;0.225;0.29;0.092
1918;2107;153;6225;37.20038007;1974;0.546;0.011951929;1.3;4.2;0.486;0.225;0.29;0.092
1913;2108;100;4437;7.998671755;1456;0.188;0.003605441;1.04;3.3;0.375;0.163;0.247;0.229
1914;2108;100;4437;7.998671755;1456;0.188;0.003605441;1.04;3.3;0.375;0.163;0.247;0.229
1915;2108;99;4437;7.998671755;1456;0.188;0.003605441;1.04;3.3;0.375;0.163;0.247;0.229
1916;2108;87;4437;7.998671755;1456;0.188;0.003605441;1.04;3.3;0.375;0.163;0.247;0.229
1917;2108;89;4437;7.998671755;1456;0.188;0.003605441;1.04;3.3;0.375;0.163;0.247;0.229
1918;2108;118;4437;7.998671755;1456;0.188;0.003605441;1.04;3.3;0.375;0.163;0.247;0.229
1913;2201;419;23482;54.11205034;2241;0.669;0.048392516;1.41;3.9;0.513;0.209;0.307;0.093
1914;2201;370;23482;54.11205034;2241;0.669;0.048392516;1.41;3.9;0.513;0.209;0.307;0.093
1915;2201;342;23482;54.11205034;2241;0.669;0.048392516;1.41;3.9;0.513;0.209;0.307;0.093
1916;2201;315;23482;54.11205034;2241;0.669;0.048392516;1.41;3.9;0.513;0.209;0.307;0.093
1917;2201;349;23482;54.11205034;2241;0.669;0.048392516;1.41;3.9;0.513;0.209;0.307;0.093
1918;2201;529;23482;54.11205034;2241;0.669;0.048392516;1.41;3.9;0.513;0.209;0.307;0.093
1913;2202;116;7912;51.64817877;1976;0.492;0.039166971;1.34;4.1;0.516;0.213;0.255;0.124
1914;2202;106;7912;51.64817877;1976;0.492;0.039166971;1.34;4.1;0.516;0.213;0.255;0.124
1915;2202;146;7912;51.64817877;1976;0.492;0.039166971;1.34;4.1;0.516;0.213;0.255;0.124
1916;2202;141;7912;51.64817877;1976;0.492;0.039166971;1.34;4.1;0.516;0.213;0.255;0.124
1917;2202;118;7912;51.64817877;1976;0.492;0.039166971;1.34;4.1;0.516;0.213;0.255;0.124
1918;2202;168;7912;51.64817877;1976;0.492;0.039166971;1.34;4.1;0.516;0.213;0.255;0.124
1913;2203;98;5073;84.8941041;2249;0.509;0.050203491;1.28;4.2;0.495;0.216;0.253;0.123
1914;2203;93;5073;84.8941041;2249;0.509;0.050203491;1.28;4.2;0.495;0.216;0.253;0.123
1915;2203;93;5073;84.8941041;2249;0.509;0.050203491;1.28;4.2;0.495;0.216;0.253;0.123
1916;2203;62;5073;84.8941041;2249;0.509;0.050203491;1.28;4.2;0.495;0.216;0.253;0.123
1917;2203;76;5073;84.8941041;2249;0.509;0.050203491;1.28;4.2;0.495;0.216;0.253;0.123
1918;2203;123;5073;84.8941041;2249;0.509;0.050203491;1.28;4.2;0.495;0.216;0.253;0.123
1913;2204;167;11734;59.14323459;2241;0.473;0.025201651;1.26;4.3;0.53;0.201;0.278;0.11
1914;2204;182;11734;59.14323459;2241;0.473;0.025201651;1.26;4.3;0.53;0.201;0.278;0.11
1915;2204;188;11734;59.14323459;2241;0.473;0.025201651;1.26;4.3;0.53;0.201;0.278;0.11
1916;2204;160;11734;59.14323459;2241;0.473;0.025201651;1.26;4.3;0.53;0.201;0.278;0.11
1917;2204;172;11734;59.14323459;2241;0.473;0.025201651;1.26;4.3;0.53;0.201;0.278;0.11
1918;2204;239;11734;59.14323459;2241;0.473;0.025201651;1.26;4.3;0.53;0.201;0.278;0.11
1913;2205;168;9646;73.31514262;1632;0.351;0.015201149;1.21;4.7;0.522;0.219;0.267;0.114
1914;2205;160;9646;73.31514262;1632;0.351;0.015201149;1.21;4.7;0.522;0.219;0.267;0.114
1915;2205;171;9646;73.31514262;1632;0.351;0.015201149;1.21;4.7;0.522;0.219;0.267;0.114
1916;2205;156;9646;73.31514262;1632;0.351;0.015201149;1.21;4.7;0.522;0.219;0.267;0.114
1917;2205;142;9646;73.31514262;1632;0.351;0.015201149;1.21;4.7;0.522;0.219;0.267;0.114
1918;2205;195;9646;73.31514262;1632;0.351;0.015201149;1.21;4.7;0.522;0.219;0.267;0.114
1913;2206;196;12101;100.9348632;2280;0.738;0.050046209;1.62;3.9;0.506;0.215;0.273;0.103
1914;2206;185;12101;100.9348632;2280;0.738;0.050046209;1.62;3.9;0.506;0.215;0.273;0.103
1915;2206;170;12101;100.9348632;2280;0.738;0.050046209;1.62;3.9;0.506;0.215;0.273;0.103
1916;2206;164;12101;100.9348632;2280;0.738;0.050046209;1.62;3.9;0.506;0.215;0.273;0.103
1917;2206;167;12101;100.9348632;2280;0.738;0.050046209;1.62;3.9;0.506;0.215;0.273;0.103
1918;2206;224;12101;100.9348632;2280;0.738;0.050046209;1.62;3.9;0.506;0.215;0.273;0.103
1913;2207;1074;82425;976.3010833;2958;0.954;1.196316766;3.43;3.9;0.472;0.166;0.37;0.068
1914;2207;1109;82425;976.3010833;2958;0.954;1.196316766;3.43;3.9;0.472;0.166;0.37;0.068
1915;2207;1033;82425;976.3010833;2958;0.954;1.196316766;3.43;3.9;0.472;0.166;0.37;0.068
1916;2207;1015;82425;976.3010833;2958;0.954;1.196316766;3.43;3.9;0.472;0.166;0.37;0.068
1917;2207;1022;82425;976.3010833;2958;0.954;1.196316766;3.43;3.9;0.472;0.166;0.37;0.068
1918;2207;1597;82425;976.3010833;2958;0.954;1.196316766;3.43;3.9;0.472;0.166;0.37;0.068
1913;2208;150;9946;126.4265249;1794;0.453;0.063556467;1.29;3.9;0.496;0.207;0.276;0.107
1914;2208;166;9946;126.4265249;1794;0.453;0.063556467;1.29;3.9;0.496;0.207;0.276;0.107
1915;2208;141;9946;126.4265249;1794;0.453;0.063556467;1.29;3.9;0.496;0.207;0.276;0.107
1916;2208;135;9946;126.4265249;1794;0.453;0.063556467;1.29;3.9;0.496;0.207;0.276;0.107
1917;2208;163;9946;126.4265249;1794;0.453;0.063556467;1.29;3.9;0.496;0.207;0.276;0.107
1918;2208;171;9946;126.4265249;1794;0.453;0.063556467;1.29;3.9;0.496;0.207;0.276;0.107
1913;2209;268;17282;160.5426606;2226;0.666;0.04644794;1.6;4.1;0.499;0.21;0.286;0.096
1914;2209;257;17282;160.5426606;2226;0.666;0.04644794;1.6;4.1;0.499;0.21;0.286;0.096
1915;2209;266;17282;160.5426606;2226;0.666;0.04644794;1.6;4.1;0.499;0.21;0.286;0.096
1916;2209;237;17282;160.5426606;2226;0.666;0.04644794;1.6;4.1;0.499;0.21;0.286;0.096
1917;2209;208;17282;160.5426606;2226;0.666;0.04644794;1.6;4.1;0.499;0.21;0.286;0.096
1918;2209;328;17282;160.5426606;2226;0.666;0.04644794;1.6;4.1;0.499;0.21;0.286;0.096
1913;2210;175;10715;86.56878967;2216;0.515;0.03231686;1.37;4.4;0.514;0.222;0.268;0.103
1914;2210;206;10715;86.56878967;2216;0.515;0.03231686;1.37;4.4;0.514;0.222;0.268;0.103
1915;2210;186;10715;86.56878967;2216;0.515;0.03231686;1.37;4.4;0.514;0.222;0.268;0.103
1916;2210;178;10715;86.56878967;2216;0.515;0.03231686;1.37;4.4;0.514;0.222;0.268;0.103
1917;2210;150;10715;86.56878967;2216;0.515;0.03231686;1.37;4.4;0.514;0.222;0.268;0.103
1918;2210;230;10715;86.56878967;2216;0.515;0.03231686;1.37;4.4;0.514;0.222;0.268;0.103
1913;2211;183;14747;63.54282602;2577;0.699;0.051706375;1.58;3.7;0.497;0.198;0.29;0.112
1914;2211;238;14747;63.54282602;2577;0.699;0.051706375;1.58;3.7;0.497;0.198;0.29;0.112
1915;2211;210;14747;63.54282602;2577;0.699;0.051706375;1.58;3.7;0.497;0.198;0.29;0.112
1916;2211;175;14747;63.54282602;2577;0.699;0.051706375;1.58;3.7;0.497;0.198;0.29;0.112
1917;2211;208;14747;63.54282602;2577;0.699;0.051706375;1.58;3.7;0.497;0.198;0.29;0.112
1918;2211;260;14747;63.54282602;2577;0.699;0.051706375;1.58;3.7;0.497;0.198;0.29;0.112
1913;2212;291;18476;88.04807856;2601;0.739;0.042889841;1.68;4.1;0.521;0.203;0.304;0.097
1914;2212;263;18476;88.04807856;2601;0.739;0.042889841;1.68;4.1;0.521;0.203;0.304;0.097
1915;2212;271;18476;88.04807856;2601;0.739;0.042889841;1.68;4.1;0.521;0.203;0.304;0.097
1916;2212;255;18476;88.04807856;2601;0.739;0.042889841;1.68;4.1;0.521;0.203;0.304;0.097
1917;2212;237;18476;88.04807856;2601;0.739;0.042889841;1.68;4.1;0.521;0.203;0.304;0.097
1918;2212;343;18476;88.04807856;2601;0.739;0.042889841;1.68;4.1;0.521;0.203;0.304;0.097
1913;2213;98;6363;83.22194349;1743;0.404;0.026158084;1.17;4.6;0.512;0.236;0.269;0.103
1914;2213;100;6363;83.22194349;1743;0.404;0.026158084;1.17;4.6;0.512;0.236;0.269;0.103
1915;2213;88;6363;83.22194349;1743;0.404;0.026158084;1.17;4.6;0.512;0.236;0.269;0.103
1916;2213;91;6363;83.22194349;1743;0.404;0.026158084;1.17;4.6;0.512;0.236;0.269;0.103
1917;2213;81;6363;83.22194349;1743;0.404;0.026158084;1.17;4.6;0.512;0.236;0.269;0.103
1918;2213;142;6363;83.22194349;1743;0.404;0.026158084;1.17;4.6;0.512;0.236;0.269;0.103
1913;2214;195;12371;115.1997348;2644;0.599;0.055872477;1.47;4.3;0.507;0.221;0.278;0.091
1914;2214;193;12371;115.1997348;2644;0.599;0.055872477;1.47;4.3;0.507;0.221;0.278;0.091
1915;2214;195;12371;115.1997348;2644;0.599;0.055872477;1.47;4.3;0.507;0.221;0.278;0.091
1916;2214;183;12371;115.1997348;2644;0.599;0.055872477;1.47;4.3;0.507;0.221;0.278;0.091
1917;2214;161;12371;115.1997348;2644;0.599;0.055872477;1.47;4.3;0.507;0.221;0.278;0.091
1918;2214;259;12371;115.1997348;2644;0.599;0.055872477;1.47;4.3;0.507;0.221;0.278;0.091
1913;2215;69;5338;28.71391463;1929;0.585;0.021516609;1.25;4;0.499;0.209;0.306;0.089
1914;2215;76;5338;28.71391463;1929;0.585;0.021516609;1.25;4;0.499;0.209;0.306;0.089
1915;2215;64;5338;28.71391463;1929;0.585;0.021516609;1.25;4;0.499;0.209;0.306;0.089
1916;2215;74;5338;28.71391463;1929;0.585;0.021516609;1.25;4;0.499;0.209;0.306;0.089
1917;2215;63;5338;28.71391463;1929;0.585;0.021516609;1.25;4;0.499;0.209;0.306;0.089
1918;2215;110;5338;28.71391463;1929;0.585;0.021516609;1.25;4;0.499;0.209;0.306;0.089
1913;2216;98;6387;39.20839196;2226;0.545;0.012277561;1.43;4.2;0.515;0.211;0.281;0.095
1914;2216;78;6387;39.20839196;2226;0.545;0.012277561;1.43;4.2;0.515;0.211;0.281;0.095
1915;2216;98;6387;39.20839196;2226;0.545;0.012277561;1.43;4.2;0.515;0.211;0.281;0.095
1916;2216;91;6387;39.20839196;2226;0.545;0.012277561;1.43;4.2;0.515;0.211;0.281;0.095
1917;2216;68;6387;39.20839196;2226;0.545;0.012277561;1.43;4.2;0.515;0.211;0.281;0.095
1918;2216;121;6387;39.20839196;2226;0.545;0.012277561;1.43;4.2;0.515;0.211;0.281;0.095
1913;2217;71;6214;15.427708;2032;0.89;0.004965468;1.82;3.7;0.503;0.201;0.286;0.107
1914;2217;67;6214;15.427708;2032;0.89;0.004965468;1.82;3.7;0.503;0.201;0.286;0.107
1915;2217;73;6214;15.427708;2032;0.89;0.004965468;1.82;3.7;0.503;0.201;0.286;0.107
1916;2217;75;6214;15.427708;2032;0.89;0.004965468;1.82;3.7;0.503;0.201;0.286;0.107
1917;2217;76;6214;15.427708;2032;0.89;0.004965468;1.82;3.7;0.503;0.201;0.286;0.107
1918;2217;118;6214;15.427708;2032;0.89;0.004965468;1.82;3.7;0.503;0.201;0.286;0.107
1913;2218;530;39360;404.742979;2946;0.907;0.42160727;2.59;3.9;0.463;0.164;0.374;0.07
1914;2218;548;39360;404.742979;2946;0.907;0.42160727;2.59;3.9;0.463;0.164;0.374;0.07
1915;2218;505;39360;404.742979;2946;0.907;0.42160727;2.59;3.9;0.463;0.164;0.374;0.07
1916;2218;472;39360;404.742979;2946;0.907;0.42160727;2.59;3.9;0.463;0.164;0.374;0.07
1917;2218;519;39360;404.742979;2946;0.907;0.42160727;2.59;3.9;0.463;0.164;0.374;0.07
1918;2218;778;39360;404.742979;2946;0.907;0.42160727;2.59;3.9;0.463;0.164;0.374;0.07
1913;2219;279;17917;113.9456734;2470;0.668;0.044517481;1.58;4.1;0.503;0.217;0.278;0.099
1914;2219;280;17917;113.9456734;2470;0.668;0.044517481;1.58;4.1;0.503;0.217;0.278;0.099
1915;2219;274;17917;113.9456734;2470;0.668;0.044517481;1.58;4.1;0.503;0.217;0.278;0.099
1916;2219;263;17917;113.9456734;2470;0.668;0.044517481;1.58;4.1;0.503;0.217;0.278;0.099
1917;2219;248;17917;113.9456734;2470;0.668;0.044517481;1.58;4.1;0.503;0.217;0.278;0.099
1918;2219;388;17917;113.9456734;2470;0.668;0.044517481;1.58;4.1;0.503;0.217;0.278;0.099
1913;2301;196;9885;19.74416279;1974;0.609;0.005992159;1.88;4.7;0.54;0.205;0.327;0.071
1914;2301;152;9885;19.74416279;1974;0.609;0.005992159;1.88;4.7;0.54;0.205;0.327;0.071
1915;2301;126;9885;19.74416279;1974;0.609;0.005992159;1.88;4.7;0.54;0.205;0.327;0.071
1916;2301;147;9885;19.74416279;1974;0.609;0.005992159;1.88;4.7;0.54;0.205;0.327;0.071
1917;2301;149;9885;19.74416279;1974;0.609;0.005992159;1.88;4.7;0.54;0.205;0.327;0.071
1918;2301;226;9885;19.74416279;1974;0.609;0.005992159;1.88;4.7;0.54;0.205;0.327;0.071
1913;2302;147;9755;42.06046704;1381;0.244;0.004311683;1.48;4.5;0.517;0.222;0.27;0.096
1914;2302;173;9755;42.06046704;1381;0.244;0.004311683;1.48;4.5;0.517;0.222;0.27;0.096
1915;2302;228;9755;42.06046704;1381;0.244;0.004311683;1.48;4.5;0.517;0.222;0.27;0.096
1916;2302;153;9755;42.06046704;1381;0.244;0.004311683;1.48;4.5;0.517;0.222;0.27;0.096
1917;2302;178;9755;42.06046704;1381;0.244;0.004311683;1.48;4.5;0.517;0.222;0.27;0.096
1918;2302;296;9755;42.06046704;1381;0.244;0.004311683;1.48;4.5;0.517;0.222;0.27;0.096
1913;2303;153;9162;14.44214496;1257;0.261;0.003152618;1.29;4.2;0.507;0.188;0.26;0.152
1914;2303;165;9162;14.44214496;1257;0.261;0.003152618;1.29;4.2;0.507;0.188;0.26;0.152
1915;2303;151;9162;14.44214496;1257;0.261;0.003152618;1.29;4.2;0.507;0.188;0.26;0.152
1916;2303;162;9162;14.44214496;1257;0.261;0.003152618;1.29;4.2;0.507;0.188;0.26;0.152
1917;2303;197;9162;14.44214496;1257;0.261;0.003152618;1.29;4.2;0.507;0.188;0.26;0.152
1918;2303;240;9162;14.44214496;1257;0.261;0.003152618;1.29;4.2;0.507;0.188;0.26;0.152
1913;2304;98;4059;7.079324361;1619;0.174;0.003488211;1.35;4.3;0.498;0.202;0.253;0.144
1914;2304;79;4059;7.079324361;1619;0.174;0.003488211;1.35;4.3;0.498;0.202;0.253;0.144
1915;2304;97;4059;7.079324361;1619;0.174;0.003488211;1.35;4.3;0.498;0.202;0.253;0.144
1916;2304;80;4059;7.079324361;1619;0.174;0.003488211;1.35;4.3;0.498;0.202;0.253;0.144
1917;2304;102;4059;7.079324361;1619;0.174;0.003488211;1.35;4.3;0.498;0.202;0.253;0.144
1918;2304;176;4059;7.079324361;1619;0.174;0.003488211;1.35;4.3;0.498;0.202;0.253;0.144
1913;2305;117;7655;16.17474044;1264;0.171;0;1.68;4.7;0.509;0.222;0.261;0.102
1914;2305;120;7655;16.17474044;1264;0.171;0;1.68;4.7;0.509;0.222;0.261;0.102
1915;2305;134;7655;16.17474044;1264;0.171;0;1.68;4.7;0.509;0.222;0.261;0.102
1916;2305;99;7655;16.17474044;1264;0.171;0;1.68;4.7;0.509;0.222;0.261;0.102
1917;2305;147;7655;16.17474044;1264;0.171;0;1.68;4.7;0.509;0.222;0.261;0.102
1918;2305;252;7655;16.17474044;1264;0.171;0;1.68;4.7;0.509;0.222;0.261;0.102
1913;2306;137;7448;22.17478422;1676;0.296;0.005954561;1.48;4.1;0.536;0.197;0.309;0.097
1914;2306;134;7448;22.17478422;1676;0.296;0.005954561;1.48;4.1;0.536;0.197;0.309;0.097
1915;2306;121;7448;22.17478422;1676;0.296;0.005954561;1.48;4.1;0.536;0.197;0.309;0.097
1916;2306;144;7448;22.17478422;1676;0.296;0.005954561;1.48;4.1;0.536;0.197;0.309;0.097
1917;2306;145;7448;22.17478422;1676;0.296;0.005954561;1.48;4.1;0.536;0.197;0.309;0.097
1918;2306;291;7448;22.17478422;1676;0.296;0.005954561;1.48;4.1;0.536;0.197;0.309;0.097
1913;2307;244;14648;55.51807521;1812;0.437;0.015160589;1.5;4.3;0.521;0.209;0.286;0.095
1914;2307;254;14648;55.51807521;1812;0.437;0.015160589;1.5;4.3;0.521;0.209;0.286;0.095
1915;2307;237;14648;55.51807521;1812;0.437;0.015160589;1.5;4.3;0.521;0.209;0.286;0.095
1916;2307;264;14648;55.51807521;1812;0.437;0.015160589;1.5;4.3;0.521;0.209;0.286;0.095
1917;2307;274;14648;55.51807521;1812;0.437;0.015160589;1.5;4.3;0.521;0.209;0.286;0.095
1918;2307;361;14648;55.51807521;1812;0.437;0.015160589;1.5;4.3;0.521;0.209;0.286;0.095
1913;2308;200;12917;50.29036583;2151;0.626;0.019466736;1.53;4.1;0.51;0.216;0.301;0.088
1914;2308;204;12917;50.29036583;2151;0.626;0.019466736;1.53;4.1;0.51;0.216;0.301;0.088
1915;2308;197;12917;50.29036583;2151;0.626;0.019466736;1.53;4.1;0.51;0.216;0.301;0.088
1916;2308;178;12917;50.29036583;2151;0.626;0.019466736;1.53;4.1;0.51;0.216;0.301;0.088
1917;2308;207;12917;50.29036583;2151;0.626;0.019466736;1.53;4.1;0.51;0.216;0.301;0.088
1918;2308;263;12917;50.29036583;2151;0.626;0.019466736;1.53;4.1;0.51;0.216;0.301;0.088
1913;2309;133;7590;68.95104476;1526;0.225;0.018168918;1.48;4.6;0.595;0.177;0.348;0.077
1914;2309;103;7590;68.95104476;1526;0.225;0.018168918;1.48;4.6;0.595;0.177;0.348;0.077
1915;2309;116;7590;68.95104476;1526;0.225;0.018168918;1.48;4.6;0.595;0.177;0.348;0.077
1916;2309;107;7590;68.95104476;1526;0.225;0.018168918;1.48;4.6;0.595;0.177;0.348;0.077
1917;2309;141;7590;68.95104476;1526;0.225;0.018168918;1.48;4.6;0.595;0.177;0.348;0.077
1918;2309;229;7590;68.95104476;1526;0.225;0.018168918;1.48;4.6;0.595;0.177;0.348;0.077
1913;2310;129;7949;41.59208364;2190;0.62;0.010464734;1.31;4.1;0.518;0.211;0.279;0.11
1914;2310;122;7949;41.59208364;2190;0.62;0.010464734;1.31;4.1;0.518;0.211;0.279;0.11
1915;2310;143;7949;41.59208364;2190;0.62;0.010464734;1.31;4.1;0.518;0.211;0.279;0.11
1916;2310;114;7949;41.59208364;2190;0.62;0.010464734;1.31;4.1;0.518;0.211;0.279;0.11
1917;2310;123;7949;41.59208364;2190;0.62;0.010464734;1.31;4.1;0.518;0.211;0.279;0.11
1918;2310;154;7949;41.59208364;2190;0.62;0.010464734;1.31;4.1;0.518;0.211;0.279;0.11
1913;2311;235;15480;37.07044798;1787;0.415;0.014368391;1.5;4.5;0.509;0.224;0.292;0.076
1914;2311;268;15480;37.07044798;1787;0.415;0.014368391;1.5;4.5;0.509;0.224;0.292;0.076
1915;2311;232;15480;37.07044798;1787;0.415;0.014368391;1.5;4.5;0.509;0.224;0.292;0.076
1916;2311;260;15480;37.07044798;1787;0.415;0.014368391;1.5;4.5;0.509;0.224;0.292;0.076
1917;2311;237;15480;37.07044798;1787;0.415;0.014368391;1.5;4.5;0.509;0.224;0.292;0.076
1918;2311;524;15480;37.07044798;1787;0.415;0.014368391;1.5;4.5;0.509;0.224;0.292;0.076
1913;2312;189;12119;95.47511455;2243;0.564;0.063025078;1.95;4.6;0.495;0.129;0.579;0.05
1914;2312;160;12119;95.47511455;2243;0.564;0.063025078;1.95;4.6;0.495;0.129;0.579;0.05
1915;2312;213;12119;95.47511455;2243;0.564;0.063025078;1.95;4.6;0.495;0.129;0.579;0.05
1916;2312;221;12119;95.47511455;2243;0.564;0.063025078;1.95;4.6;0.495;0.129;0.579;0.05
1917;2312;193;12119;95.47511455;2243;0.564;0.063025078;1.95;4.6;0.495;0.129;0.579;0.05
1918;2312;379;12119;95.47511455;2243;0.564;0.063025078;1.95;4.6;0.495;0.129;0.579;0.05
1913;2313;184;9607;11.53350611;1504;0.329;0.003601594;1.54;4.7;0.51;0.216;0.284;0.095
1914;2313;151;9607;11.53350611;1504;0.329;0.003601594;1.54;4.7;0.51;0.216;0.284;0.095
1915;2313;144;9607;11.53350611;1504;0.329;0.003601594;1.54;4.7;0.51;0.216;0.284;0.095
1916;2313;121;9607;11.53350611;1504;0.329;0.003601594;1.54;4.7;0.51;0.216;0.284;0.095
1917;2313;183;9607;11.53350611;1504;0.329;0.003601594;1.54;4.7;0.51;0.216;0.284;0.095
1918;2313;323;9607;11.53350611;1504;0.329;0.003601594;1.54;4.7;0.51;0.216;0.284;0.095
1913;2401;293;16012;154.1714488;2176;0.82;0.144427413;1.72;3.8;0.476;0.189;0.275;0.111
1914;2401;276;16012;154.1714488;2176;0.82;0.144427413;1.72;3.8;0.476;0.189;0.275;0.111
1915;2401;281;16012;154.1714488;2176;0.82;0.144427413;1.72;3.8;0.476;0.189;0.275;0.111
1916;2401;226;16012;154.1714488;2176;0.82;0.144427413;1.72;3.8;0.476;0.189;0.275;0.111
1917;2401;257;16012;154.1714488;2176;0.82;0.144427413;1.72;3.8;0.476;0.189;0.275;0.111
1918;2401;377;16012;154.1714488;2176;0.82;0.144427413;1.72;3.8;0.476;0.189;0.275;0.111
1913;2402;522;39532;423.8892904;2779;0.961;0.23589913;3.83;3.8;0.469;0.198;0.327;0.072
1914;2402;463;39532;423.8892904;2779;0.961;0.23589913;3.83;3.8;0.469;0.198;0.327;0.072
1915;2402;403;39532;423.8892904;2779;0.961;0.23589913;3.83;3.8;0.469;0.198;0.327;0.072
1916;2402;440;39532;423.8892904;2779;0.961;0.23589913;3.83;3.8;0.469;0.198;0.327;0.072
1917;2402;482;39532;423.8892904;2779;0.961;0.23589913;3.83;3.8;0.469;0.198;0.327;0.072
1918;2402;776;39532;423.8892904;2779;0.961;0.23589913;3.83;3.8;0.469;0.198;0.327;0.072
1913;2403;233;18194;126.5881793;2469;0.893;0.069576882;2.63;3.8;0.478;0.219;0.303;0.078
1914;2403;248;18194;126.5881793;2469;0.893;0.069576882;2.63;3.8;0.478;0.219;0.303;0.078
1915;2403;227;18194;126.5881793;2469;0.893;0.069576882;2.63;3.8;0.478;0.219;0.303;0.078
1916;2403;232;18194;126.5881793;2469;0.893;0.069576882;2.63;3.8;0.478;0.219;0.303;0.078
1917;2403;234;18194;126.5881793;2469;0.893;0.069576882;2.63;3.8;0.478;0.219;0.303;0.078
1918;2403;356;18194;126.5881793;2469;0.893;0.069576882;2.63;3.8;0.478;0.219;0.303;0.078
1913;2404;380;30933;401.021059;2990;0.937;0.388925477;2.45;4;0.455;0.173;0.314;0.08
1914;2404;385;30933;401.021059;2990;0.937;0.388925477;2.45;4;0.455;0.173;0.314;0.08
1915;2404;350;30933;401.021059;2990;0.937;0.388925477;2.45;4;0.455;0.173;0.314;0.08
1916;2404;356;30933;401.021059;2990;0.937;0.388925477;2.45;4;0.455;0.173;0.314;0.08
1917;2404;391;30933;401.021059;2990;0.937;0.388925477;2.45;4;0.455;0.173;0.314;0.08
1918;2404;543;30933;401.021059;2990;0.937;0.388925477;2.45;4;0.455;0.173;0.314;0.08
1913;2405;120;9700;75.71694975;2406;0.772;0.023417613;1.8;4.1;0.492;0.231;0.273;0.089
1914;2405;109;9700;75.71694975;2406;0.772;0.023417613;1.8;4.1;0.492;0.231;0.273;0.089
1915;2405;124;9700;75.71694975;2406;0.772;0.023417613;1.8;4.1;0.492;0.231;0.273;0.089
1916;2405;116;9700;75.71694975;2406;0.772;0.023417613;1.8;4.1;0.492;0.231;0.273;0.089
1917;2405;104;9700;75.71694975;2406;0.772;0.023417613;1.8;4.1;0.492;0.231;0.273;0.089
1918;2405;170;9700;75.71694975;2406;0.772;0.023417613;1.8;4.1;0.492;0.231;0.273;0.089
1913;2406;270;17321;104.2153644;2130;0.88;0.048133648;2.28;3.9;0.492;0.2;0.313;0.086
1914;2406;231;17321;104.2153644;2130;0.88;0.048133648;2.28;3.9;0.492;0.2;0.313;0.086
1915;2406;212;17321;104.2153644;2130;0.88;0.048133648;2.28;3.9;0.492;0.2;0.313;0.086
1916;2406;207;17321;104.2153644;2130;0.88;0.048133648;2.28;3.9;0.492;0.2;0.313;0.086
1917;2406;180;17321;104.2153644;2130;0.88;0.048133648;2.28;3.9;0.492;0.2;0.313;0.086
1918;2406;351;17321;104.2153644;2130;0.88;0.048133648;2.28;3.9;0.492;0.2;0.313;0.086
1913;2500;2246;167781;682.1597069;3280;0.953;0.971720099;3.73;3.4;0.437;0.147;0.371;0.091
1914;2500;2431;167781;682.1597069;3280;0.953;0.971720099;3.73;3.4;0.437;0.147;0.371;0.091
1915;2500;2388;167781;682.1597069;3280;0.953;0.971720099;3.73;3.4;0.437;0.147;0.371;0.091
1916;2500;2135;167781;682.1597069;3280;0.953;0.971720099;3.73;3.4;0.437;0.147;0.371;0.091
1917;2500;2316;167781;682.1597069;3280;0.953;0.971720099;3.73;3.4;0.437;0.147;0.371;0.091
1918;2500;3390;167781;682.1597069;3280;0.953;0.971720099;3.73;3.4;0.437;0.147;0.371;0.091
